Mach,Cd_power_on,Cd_power_off
0.0,1.41,1.41
3e-05,1.41,1.41
0.000475,1.112,1.112
0.001,0.852,0.852
0.003,0.724,0.724
0.003,0.745,0.745
0.004,0.698,0.698
0.006,0.67,0.67
0.008,0.639,0.639
0.01,0.617,0.617
0.012,0.6,0.6
0.014,0.592,0.592
0.016,0.582,0.582
0.018,0.572,0.572
0.021,0.564,0.564
0.022,0.562,0.562
0.023,0.558,0.558
0.025,0.554,0.554
0.027,0.548,0.548
0.029,0.543,0.543
0.032,0.539,0.539
0.034,0.535,0.535
0.036,0.532,0.532
0.039,0.528,0.528
0.041,0.528,0.528
0.044,0.528,0.528
0.046,0.528,0.528
0.048,0.528,0.528
0.051,0.528,0.528
0.053,0.528,0.528
0.055,0.528,0.528
0.058,0.528,0.528
0.06,0.528,0.528
0.062,0.528,0.528
0.065,0.528,0.528
0.067,0.528,0.528
0.07,0.528,0.528
0.072,0.528,0.528
0.074,0.528,0.528
0.077,0.528,0.528
0.079,0.528,0.528
0.083,0.528,0.528
0.09,0.529,0.529
0.099,0.529,0.529
0.099,0.531,0.531
0.099,0.532,0.532
0.1,0.532,0.532
0.101,0.532,0.532
0.102,0.532,0.532
0.103,0.532,0.532
0.104,0.532,0.532
0.105,0.532,0.532
0.106,0.532,0.532
0.107,0.532,0.532
0.108,0.532,0.532
0.109,0.532,0.532
0.11,0.531,0.531
0.11,0.532,0.532
0.111,0.529,0.529
0.111,0.531,0.531
0.112,0.531,0.531
0.113,0.531,0.531
0.114,0.531,0.531
0.115,0.531,0.531
0.116,0.531,0.531
0.117,0.531,0.531
0.118,0.531,0.531
0.119,0.531,0.531
0.12,0.531,0.531
0.121,0.531,0.531
0.122,0.531,0.531
0.123,0.53,0.53
0.123,0.531,0.531
0.124,0.531,0.531
0.125,0.531,0.531
0.126,0.531,0.531
0.127,0.531,0.531
0.128,0.531,0.531
0.129,0.531,0.531
0.13,0.531,0.531
0.131,0.531,0.531
0.132,0.531,0.531
0.133,0.531,0.531
0.134,0.531,0.531
0.135,0.53,0.53
0.135,0.531,0.531
0.137,0.531,0.531
0.138,0.531,0.531
0.139,0.531,0.531
0.14,0.531,0.531
0.141,0.531,0.531
0.142,0.531,0.531
0.143,0.531,0.531
0.144,0.531,0.531
0.145,0.531,0.531
0.146,0.531,0.531
0.148,0.531,0.531
0.149,0.531,0.531
0.15,0.531,0.531
0.151,0.531,0.531
0.152,0.531,0.531
0.153,0.531,0.531
0.155,0.531,0.531
0.156,0.531,0.531
0.157,0.531,0.531
0.158,0.531,0.531
0.159,0.531,0.531
0.161,0.531,0.531
0.162,0.531,0.531
0.163,0.531,0.531
0.164,0.531,0.531
0.166,0.532,0.532
0.167,0.532,0.532
0.168,0.532,0.532
0.169,0.532,0.532
0.171,0.532,0.532
0.172,0.532,0.532
0.173,0.532,0.532
0.175,0.532,0.532
0.176,0.532,0.532
0.177,0.532,0.532
0.178,0.532,0.532
0.18,0.532,0.532
0.181,0.532,0.532
0.181,0.533,0.533
0.182,0.532,0.532
0.184,0.532,0.532
0.185,0.533,0.533
0.186,0.533,0.533
0.188,0.533,0.533
0.189,0.533,0.533
0.19,0.533,0.533
0.192,0.533,0.533
0.193,0.533,0.533
0.194,0.533,0.533
0.196,0.533,0.533
0.197,0.533,0.533
0.199,0.533,0.533
0.2,0.533,0.533
0.201,0.533,0.533
0.203,0.534,0.534
0.204,0.534,0.534
0.206,0.534,0.534
0.207,0.534,0.534
0.208,0.534,0.534
0.21,0.534,0.534
0.211,0.534,0.534
0.213,0.534,0.534
0.214,0.534,0.534
0.216,0.534,0.534
0.217,0.534,0.534
0.218,0.535,0.535
0.22,0.535,0.535
0.221,0.535,0.535
0.223,0.535,0.535
0.224,0.535,0.535
0.226,0.535,0.535
0.227,0.535,0.535
0.229,0.535,0.535
0.23,0.535,0.535
0.231,0.536,0.536
0.232,0.535,0.535
0.233,0.536,0.536
0.234,0.536,0.536
0.236,0.536,0.536
0.237,0.536,0.536
0.239,0.536,0.536
0.24,0.536,0.536
0.242,0.536,0.536
0.243,0.536,0.536
0.245,0.536,0.536
0.246,0.537,0.537
0.248,0.537,0.537
0.249,0.537,0.537
0.251,0.537,0.537
0.252,0.537,0.537
0.254,0.537,0.537
0.256,0.537,0.537
0.257,0.537,0.537
0.259,0.538,0.538
0.26,0.538,0.538
0.262,0.538,0.538
0.263,0.538,0.538
0.265,0.538,0.538
0.266,0.538,0.538
0.268,0.538,0.538
0.269,0.538,0.538
0.271,0.539,0.539
0.273,0.539,0.539
0.274,0.539,0.539
0.276,0.539,0.539
0.277,0.539,0.539
0.279,0.539,0.539
0.28,0.539,0.539
0.282,0.539,0.539
0.284,0.54,0.54
0.285,0.54,0.54
0.287,0.54,0.54
0.288,0.54,0.54
0.29,0.54,0.54
0.292,0.54,0.54
0.293,0.54,0.54
0.295,0.541,0.541
0.297,0.541,0.541
0.298,0.541,0.541
0.3,0.541,0.541
0.301,0.541,0.541
0.303,0.541,0.541
0.305,0.542,0.542
0.306,0.542,0.542
0.308,0.542,0.542
0.31,0.542,0.542
0.311,0.542,0.542
0.313,0.542,0.542
0.315,0.543,0.543
0.315,0.542,0.542
0.316,0.543,0.543
0.318,0.543,0.543
0.32,0.543,0.543
0.321,0.543,0.543
0.323,0.543,0.543
0.325,0.543,0.543
0.326,0.544,0.544
0.328,0.544,0.544
0.33,0.544,0.544
0.331,0.544,0.544
0.333,0.544,0.544
0.335,0.544,0.544
0.336,0.545,0.545
0.338,0.545,0.545
0.34,0.545,0.545
0.341,0.545,0.545
0.342,0.545,0.545
0.343,0.545,0.545
0.345,0.546,0.546
0.347,0.546,0.546
0.349,0.546,0.546
0.35,0.546,0.546
0.352,0.546,0.546
0.354,0.546,0.546
0.354,0.547,0.547
0.356,0.547,0.547
0.357,0.547,0.547
0.359,0.547,0.547
0.36,0.547,0.547
0.361,0.547,0.547
0.363,0.547,0.547
0.364,0.548,0.548
0.366,0.548,0.548
0.368,0.548,0.548
0.37,0.548,0.548
0.371,0.548,0.548
0.373,0.549,0.549
0.374,0.549,0.549
0.375,0.549,0.549
0.377,0.549,0.549
0.379,0.549,0.549
0.38,0.549,0.549
0.382,0.55,0.55
0.384,0.55,0.55
0.386,0.55,0.55
0.387,0.55,0.55
0.388,0.55,0.55
0.39,0.551,0.551
0.391,0.551,0.551
0.393,0.551,0.551
0.395,0.551,0.551
0.397,0.551,0.551
0.399,0.552,0.552
0.4,0.552,0.552
0.401,0.552,0.552
0.403,0.552,0.552
0.404,0.552,0.552
0.406,0.553,0.553
0.408,0.553,0.553
0.41,0.553,0.553
0.412,0.553,0.553
0.414,0.554,0.554
0.416,0.554,0.554
0.418,0.554,0.554
0.42,0.554,0.554
0.421,0.555,0.555
0.423,0.555,0.555
0.425,0.555,0.555
0.427,0.555,0.555
0.429,0.556,0.556
0.431,0.556,0.556
0.433,0.556,0.556
0.435,0.556,0.556
0.437,0.557,0.557
0.438,0.557,0.557
0.439,0.557,0.557
0.441,0.557,0.557
0.443,0.557,0.557
0.445,0.558,0.558
0.447,0.558,0.558
0.449,0.558,0.558
0.45,0.558,0.558
0.451,0.558,0.558
0.453,0.559,0.559
0.455,0.559,0.559
0.456,0.559,0.559
0.457,0.559,0.559
0.459,0.56,0.56
0.461,0.56,0.56
0.463,0.56,0.56
0.464,0.56,0.56
0.465,0.56,0.56
0.467,0.561,0.561
0.469,0.561,0.561
0.471,0.561,0.561
0.473,0.562,0.562
0.475,0.562,0.562
0.476,0.562,0.562
0.477,0.562,0.562
0.48,0.563,0.563
0.482,0.563,0.563
0.484,0.563,0.563
0.486,0.564,0.564
0.488,0.564,0.564
0.489,0.564,0.564
0.49,0.564,0.564
0.492,0.564,0.564
0.494,0.565,0.565
0.496,0.565,0.565
0.499,0.565,0.565
0.501,0.566,0.566
0.503,0.566,0.566
0.505,0.566,0.566
0.507,0.567,0.567
0.509,0.567,0.567
0.512,0.567,0.567
0.514,0.568,0.568
0.516,0.568,0.568
0.518,0.569,0.569
0.521,0.569,0.569
0.523,0.569,0.569
0.525,0.57,0.57
0.526,0.57,0.57
0.527,0.57,0.57
0.53,0.57,0.57
0.532,0.571,0.571
0.534,0.571,0.571
0.536,0.571,0.571
0.539,0.572,0.572
0.541,0.572,0.572
0.543,0.573,0.573
0.546,0.573,0.573
0.548,0.573,0.573
0.55,0.574,0.574
0.553,0.574,0.574
0.554,0.574,0.574
0.555,0.575,0.575
0.557,0.575,0.575
0.56,0.575,0.575
0.562,0.576,0.576
0.565,0.576,0.576
0.566,0.577,0.577
0.567,0.577,0.577
0.569,0.577,0.577
0.572,0.578,0.578
0.574,0.578,0.578
0.577,0.578,0.578
0.578,0.579,0.579
0.579,0.579,0.579
0.582,0.579,0.579
0.584,0.58,0.58
0.586,0.58,0.58
0.587,0.58,0.58
0.589,0.581,0.581
0.592,0.581,0.581
0.594,0.582,0.582
0.597,0.582,0.582
0.599,0.582,0.582
0.602,0.583,0.583
0.604,0.583,0.583
0.607,0.584,0.584
0.609,0.584,0.584
0.612,0.585,0.585
0.615,0.585,0.585
0.617,0.586,0.586
0.62,0.586,0.586
0.621,0.587,0.587
0.623,0.587,0.587
0.625,0.587,0.587
0.628,0.588,0.588
0.631,0.588,0.588
0.632,0.589,0.589
0.633,0.589,0.589
0.636,0.59,0.59
0.637,0.59,0.59
0.639,0.59,0.59
0.642,0.591,0.591
0.643,0.591,0.591
0.644,0.591,0.591
0.647,0.592,0.592
0.65,0.592,0.592
0.653,0.593,0.593
0.656,0.593,0.593
0.658,0.594,0.594
0.661,0.595,0.595
0.664,0.595,0.595
0.667,0.596,0.596
0.67,0.596,0.596
0.673,0.597,0.597
0.675,0.597,0.597
0.676,0.598,0.598
0.679,0.598,0.598
0.682,0.599,0.599
0.685,0.599,0.599
0.686,0.6,0.6
0.688,0.6,0.6
0.691,0.601,0.601
0.694,0.601,0.601
0.697,0.602,0.602
0.7,0.603,0.603
0.703,0.603,0.603
0.706,0.604,0.604
0.708,0.605,0.605
0.709,0.605,0.605
0.712,0.605,0.605
0.716,0.606,0.606
0.719,0.607,0.607
0.722,0.608,0.608
0.725,0.608,0.608
0.728,0.609,0.609
0.73,0.609,0.609
0.732,0.61,0.61
0.735,0.61,0.61
0.738,0.611,0.611
0.74,0.612,0.612
0.742,0.612,0.612
0.745,0.613,0.613
0.748,0.614,0.614
0.75,0.614,0.614
0.752,0.614,0.614
0.755,0.615,0.615
0.759,0.616,0.616
0.76,0.616,0.616
0.762,0.617,0.617
0.766,0.618,0.618
0.769,0.618,0.618
0.77,0.619,0.619
0.773,0.619,0.619
0.776,0.62,0.62
0.78,0.621,0.621
0.781,0.621,0.621
0.783,0.622,0.622
0.784,0.622,0.622
0.787,0.623,0.623
0.789,0.623,0.623
0.791,0.624,0.624
0.794,0.625,0.625
0.795,0.625,0.625
0.798,0.626,0.626
0.802,0.626,0.626
0.804,0.627,0.627
0.806,0.627,0.627
0.81,0.628,0.628
0.813,0.629,0.629
0.817,0.63,0.63
0.821,0.631,0.631
0.822,0.632,0.632
0.825,0.632,0.632
0.829,0.633,0.633
0.831,0.634,0.634
0.833,0.634,0.634
0.835,0.635,0.635
0.837,0.635,0.635
0.841,0.637,0.637
0.842,0.637,0.637
0.845,0.638,0.638
0.85,0.639,0.639
0.854,0.64,0.64
0.858,0.641,0.641
0.862,0.642,0.642
0.866,0.643,0.643
0.867,0.643,0.643
0.871,0.644,0.644
0.874,0.645,0.645
0.875,0.646,0.646
0.88,0.647,0.647
0.881,0.647,0.647
0.884,0.648,0.648
0.889,0.649,0.649
0.889,0.65,0.65
0.89,0.65,0.65
0.891,0.65,0.65
0.892,0.65,0.65
0.893,0.651,0.651
0.894,0.651,0.651
0.898,0.652,0.652
0.902,0.653,0.653
0.904,0.654,0.654
0.906,0.654,0.654
0.909,0.655,0.655
0.91,0.655,0.655
0.911,0.655,0.655
0.913,0.656,0.656
0.915,0.656,0.656
0.917,0.657,0.657
0.918,0.657,0.657
