label,inclination_case,heading_case,env_label,rail_vel [m/s],rail_vel OK,stab_init [cal],stab_min [cal],stab_max [cal],stab_min OK,stab_pad_max OK,stab_flt_max OK,PASS
min_elev_82deg__North__ERA5_2022_0616_15Z,min_elev_82deg,North,ERA5_2022_0616_15Z,29.18,True,2.942,2.942,4.206,True,True,True,True
min_elev_82deg__North__ERA5_2022_0616_18Z,min_elev_82deg,North,ERA5_2022_0616_18Z,29.18,True,2.942,2.942,4.206,True,True,True,True
min_elev_82deg__North__ERA5_2022_0619_15Z,min_elev_82deg,North,ERA5_2022_0619_15Z,29.18,True,2.942,2.942,4.206,True,True,True,True
min_elev_82deg__North__ERA5_2022_0619_18Z,min_elev_82deg,North,ERA5_2022_0619_18Z,29.18,True,2.942,2.942,4.206,True,True,True,True
min_elev_82deg__North__ERA5_2023_0616_15Z,min_elev_82deg,North,ERA5_2023_0616_15Z,29.18,True,2.942,2.942,4.206,True,True,True,True
min_elev_82deg__North__ERA5_2023_0616_18Z,min_elev_82deg,North,ERA5_2023_0616_18Z,29.18,True,2.942,2.942,4.206,True,True,True,True
min_elev_82deg__North__ERA5_2023_0619_15Z,min_elev_82deg,North,ERA5_2023_0619_15Z,29.18,True,2.942,2.942,4.206,True,True,True,True
min_elev_82deg__North__ERA5_2023_0619_18Z,min_elev_82deg,North,ERA5_2023_0619_18Z,29.18,True,2.942,2.942,4.206,True,True,True,True
min_elev_82deg__North__ERA5_2024_0616_15Z,min_elev_82deg,North,ERA5_2024_0616_15Z,29.18,True,2.942,2.942,4.206,True,True,True,True
min_elev_82deg__North__ERA5_2024_0616_18Z,min_elev_82deg,North,ERA5_2024_0616_18Z,29.18,True,2.942,2.942,4.206,True,True,True,True
min_elev_82deg__North__ERA5_2024_0619_15Z,min_elev_82deg,North,ERA5_2024_0619_15Z,29.18,True,2.942,2.942,4.206,True,True,True,True
min_elev_82deg__North__ERA5_2024_0619_18Z,min_elev_82deg,North,ERA5_2024_0619_18Z,29.18,True,2.942,2.942,4.206,True,True,True,True
min_elev_82deg__East__ERA5_2022_0616_15Z,min_elev_82deg,East,ERA5_2022_0616_15Z,29.18,True,2.942,2.942,4.206,True,True,True,True
min_elev_82deg__East__ERA5_2022_0616_18Z,min_elev_82deg,East,ERA5_2022_0616_18Z,29.17,True,2.942,2.942,4.206,True,True,True,True
min_elev_82deg__East__ERA5_2022_0619_15Z,min_elev_82deg,East,ERA5_2022_0619_15Z,29.18,True,2.942,2.942,4.206,True,True,True,True
min_elev_82deg__East__ERA5_2022_0619_18Z,min_elev_82deg,East,ERA5_2022_0619_18Z,29.17,True,2.942,2.942,4.206,True,True,True,True
min_elev_82deg__East__ERA5_2023_0616_15Z,min_elev_82deg,East,ERA5_2023_0616_15Z,29.18,True,2.942,2.942,4.206,True,True,True,True
min_elev_82deg__East__ERA5_2023_0616_18Z,min_elev_82deg,East,ERA5_2023_0616_18Z,29.18,True,2.942,2.942,4.206,True,True,True,True
min_elev_82deg__East__ERA5_2023_0619_15Z,min_elev_82deg,East,ERA5_2023_0619_15Z,29.18,True,2.942,2.942,4.206,True,True,True,True
min_elev_82deg__East__ERA5_2023_0619_18Z,min_elev_82deg,East,ERA5_2023_0619_18Z,29.18,True,2.942,2.942,4.206,True,True,True,True
min_elev_82deg__East__ERA5_2024_0616_15Z,min_elev_82deg,East,ERA5_2024_0616_15Z,29.18,True,2.942,2.942,4.206,True,True,True,True
min_elev_82deg__East__ERA5_2024_0616_18Z,min_elev_82deg,East,ERA5_2024_0616_18Z,29.18,True,2.942,2.942,4.206,True,True,True,True
min_elev_82deg__East__ERA5_2024_0619_15Z,min_elev_82deg,East,ERA5_2024_0619_15Z,29.17,True,2.942,2.942,4.206,True,True,True,True
min_elev_82deg__East__ERA5_2024_0619_18Z,min_elev_82deg,East,ERA5_2024_0619_18Z,29.17,True,2.942,2.942,4.206,True,True,True,True
min_elev_82deg__South__ERA5_2022_0616_15Z,min_elev_82deg,South,ERA5_2022_0616_15Z,29.18,True,2.942,2.942,4.206,True,True,True,True
min_elev_82deg__South__ERA5_2022_0616_18Z,min_elev_82deg,South,ERA5_2022_0616_18Z,29.17,True,2.942,2.942,4.206,True,True,True,True
min_elev_82deg__South__ERA5_2022_0619_15Z,min_elev_82deg,South,ERA5_2022_0619_15Z,29.18,True,2.942,2.942,4.206,True,True,True,True
min_elev_82deg__South__ERA5_2022_0619_18Z,min_elev_82deg,South,ERA5_2022_0619_18Z,29.17,True,2.942,2.942,4.206,True,True,True,True
min_elev_82deg__South__ERA5_2023_0616_15Z,min_elev_82deg,South,ERA5_2023_0616_15Z,29.18,True,2.942,2.942,4.206,True,True,True,True
min_elev_82deg__South__ERA5_2023_0616_18Z,min_elev_82deg,South,ERA5_2023_0616_18Z,29.18,True,2.942,2.942,4.206,True,True,True,True
min_elev_82deg__South__ERA5_2023_0619_15Z,min_elev_82deg,South,ERA5_2023_0619_15Z,29.18,True,2.942,2.942,4.206,True,True,True,True
min_elev_82deg__South__ERA5_2023_0619_18Z,min_elev_82deg,South,ERA5_2023_0619_18Z,29.18,True,2.942,2.942,4.206,True,True,True,True
min_elev_82deg__South__ERA5_2024_0616_15Z,min_elev_82deg,South,ERA5_2024_0616_15Z,29.18,True,2.942,2.942,4.206,True,True,True,True
min_elev_82deg__South__ERA5_2024_0616_18Z,min_elev_82deg,South,ERA5_2024_0616_18Z,29.18,True,2.942,2.942,4.206,True,True,True,True
min_elev_82deg__South__ERA5_2024_0619_15Z,min_elev_82deg,South,ERA5_2024_0619_15Z,29.17,True,2.942,2.942,4.206,True,True,True,True
min_elev_82deg__South__ERA5_2024_0619_18Z,min_elev_82deg,South,ERA5_2024_0619_18Z,29.17,True,2.942,2.942,4.206,True,True,True,True
min_elev_82deg__West__ERA5_2022_0616_15Z,min_elev_82deg,West,ERA5_2022_0616_15Z,29.18,True,2.942,2.942,4.206,True,True,True,True
min_elev_82deg__West__ERA5_2022_0616_18Z,min_elev_82deg,West,ERA5_2022_0616_18Z,29.18,True,2.942,2.942,4.206,True,True,True,True
min_elev_82deg__West__ERA5_2022_0619_15Z,min_elev_82deg,West,ERA5_2022_0619_15Z,29.18,True,2.942,2.942,4.206,True,True,True,True
min_elev_82deg__West__ERA5_2022_0619_18Z,min_elev_82deg,West,ERA5_2022_0619_18Z,29.18,True,2.942,2.942,4.206,True,True,True,True
min_elev_82deg__West__ERA5_2023_0616_15Z,min_elev_82deg,West,ERA5_2023_0616_15Z,29.18,True,2.942,2.942,4.206,True,True,True,True
min_elev_82deg__West__ERA5_2023_0616_18Z,min_elev_82deg,West,ERA5_2023_0616_18Z,29.18,True,2.942,2.942,4.206,True,True,True,True
min_elev_82deg__West__ERA5_2023_0619_15Z,min_elev_82deg,West,ERA5_2023_0619_15Z,29.18,True,2.942,2.942,4.206,True,True,True,True
min_elev_82deg__West__ERA5_2023_0619_18Z,min_elev_82deg,West,ERA5_2023_0619_18Z,29.18,True,2.942,2.942,4.206,True,True,True,True
min_elev_82deg__West__ERA5_2024_0616_15Z,min_elev_82deg,West,ERA5_2024_0616_15Z,29.18,True,2.942,2.942,4.206,True,True,True,True
min_elev_82deg__West__ERA5_2024_0616_18Z,min_elev_82deg,West,ERA5_2024_0616_18Z,29.18,True,2.942,2.942,4.206,True,True,True,True
min_elev_82deg__West__ERA5_2024_0619_15Z,min_elev_82deg,West,ERA5_2024_0619_15Z,29.18,True,2.942,2.942,4.206,True,True,True,True
min_elev_82deg__West__ERA5_2024_0619_18Z,min_elev_82deg,West,ERA5_2024_0619_18Z,29.18,True,2.942,2.942,4.206,True,True,True,True
nom_elev_84deg__North__ERA5_2022_0616_15Z,nom_elev_84deg,North,ERA5_2022_0616_15Z,29.17,True,2.942,2.942,4.206,True,True,True,True
nom_elev_84deg__North__ERA5_2022_0616_18Z,nom_elev_84deg,North,ERA5_2022_0616_18Z,29.17,True,2.942,2.942,4.206,True,True,True,True
nom_elev_84deg__North__ERA5_2022_0619_15Z,nom_elev_84deg,North,ERA5_2022_0619_15Z,29.17,True,2.942,2.942,4.206,True,True,True,True
nom_elev_84deg__North__ERA5_2022_0619_18Z,nom_elev_84deg,North,ERA5_2022_0619_18Z,29.17,True,2.942,2.942,4.206,True,True,True,True
nom_elev_84deg__North__ERA5_2023_0616_15Z,nom_elev_84deg,North,ERA5_2023_0616_15Z,29.17,True,2.942,2.942,4.206,True,True,True,True
nom_elev_84deg__North__ERA5_2023_0616_18Z,nom_elev_84deg,North,ERA5_2023_0616_18Z,29.17,True,2.942,2.942,4.206,True,True,True,True
nom_elev_84deg__North__ERA5_2023_0619_15Z,nom_elev_84deg,North,ERA5_2023_0619_15Z,29.17,True,2.942,2.942,4.206,True,True,True,True
nom_elev_84deg__North__ERA5_2023_0619_18Z,nom_elev_84deg,North,ERA5_2023_0619_18Z,29.17,True,2.942,2.942,4.206,True,True,True,True
nom_elev_84deg__North__ERA5_2024_0616_15Z,nom_elev_84deg,North,ERA5_2024_0616_15Z,29.17,True,2.942,2.942,4.206,True,True,True,True
nom_elev_84deg__North__ERA5_2024_0616_18Z,nom_elev_84deg,North,ERA5_2024_0616_18Z,29.17,True,2.942,2.942,4.206,True,True,True,True
nom_elev_84deg__North__ERA5_2024_0619_15Z,nom_elev_84deg,North,ERA5_2024_0619_15Z,29.17,True,2.942,2.942,4.206,True,True,True,True
nom_elev_84deg__North__ERA5_2024_0619_18Z,nom_elev_84deg,North,ERA5_2024_0619_18Z,29.17,True,2.942,2.942,4.206,True,True,True,True
nom_elev_84deg__East__ERA5_2022_0616_15Z,nom_elev_84deg,East,ERA5_2022_0616_15Z,29.17,True,2.942,2.942,4.206,True,True,True,True
nom_elev_84deg__East__ERA5_2022_0616_18Z,nom_elev_84deg,East,ERA5_2022_0616_18Z,29.17,True,2.942,2.942,4.206,True,True,True,True
nom_elev_84deg__East__ERA5_2022_0619_15Z,nom_elev_84deg,East,ERA5_2022_0619_15Z,29.17,True,2.942,2.942,4.206,True,True,True,True
nom_elev_84deg__East__ERA5_2022_0619_18Z,nom_elev_84deg,East,ERA5_2022_0619_18Z,29.17,True,2.942,2.942,4.206,True,True,True,True
nom_elev_84deg__East__ERA5_2023_0616_15Z,nom_elev_84deg,East,ERA5_2023_0616_15Z,29.17,True,2.942,2.942,4.206,True,True,True,True
nom_elev_84deg__East__ERA5_2023_0616_18Z,nom_elev_84deg,East,ERA5_2023_0616_18Z,29.17,True,2.942,2.942,4.206,True,True,True,True
nom_elev_84deg__East__ERA5_2023_0619_15Z,nom_elev_84deg,East,ERA5_2023_0619_15Z,29.17,True,2.942,2.942,4.206,True,True,True,True
nom_elev_84deg__East__ERA5_2023_0619_18Z,nom_elev_84deg,East,ERA5_2023_0619_18Z,29.17,True,2.942,2.942,4.206,True,True,True,True
nom_elev_84deg__East__ERA5_2024_0616_15Z,nom_elev_84deg,East,ERA5_2024_0616_15Z,29.17,True,2.942,2.942,4.206,True,True,True,True
nom_elev_84deg__East__ERA5_2024_0616_18Z,nom_elev_84deg,East,ERA5_2024_0616_18Z,29.17,True,2.942,2.942,4.206,True,True,True,True
nom_elev_84deg__East__ERA5_2024_0619_15Z,nom_elev_84deg,East,ERA5_2024_0619_15Z,29.17,True,2.942,2.942,4.206,True,True,True,True
nom_elev_84deg__East__ERA5_2024_0619_18Z,nom_elev_84deg,East,ERA5_2024_0619_18Z,29.17,True,2.942,2.942,4.206,True,True,True,True
nom_elev_84deg__South__ERA5_2022_0616_15Z,nom_elev_84deg,South,ERA5_2022_0616_15Z,29.17,True,2.942,2.942,4.206,True,True,True,True
nom_elev_84deg__South__ERA5_2022_0616_18Z,nom_elev_84deg,South,ERA5_2022_0616_18Z,29.17,True,2.942,2.942,4.206,True,True,True,True
nom_elev_84deg__South__ERA5_2022_0619_15Z,nom_elev_84deg,South,ERA5_2022_0619_15Z,29.17,True,2.942,2.942,4.206,True,True,True,True
nom_elev_84deg__South__ERA5_2022_0619_18Z,nom_elev_84deg,South,ERA5_2022_0619_18Z,29.17,True,2.942,2.942,4.206,True,True,True,True
nom_elev_84deg__South__ERA5_2023_0616_15Z,nom_elev_84deg,South,ERA5_2023_0616_15Z,29.17,True,2.942,2.942,4.206,True,True,True,True
nom_elev_84deg__South__ERA5_2023_0616_18Z,nom_elev_84deg,South,ERA5_2023_0616_18Z,29.17,True,2.942,2.942,4.206,True,True,True,True
nom_elev_84deg__South__ERA5_2023_0619_15Z,nom_elev_84deg,South,ERA5_2023_0619_15Z,29.17,True,2.942,2.942,4.206,True,True,True,True
nom_elev_84deg__South__ERA5_2023_0619_18Z,nom_elev_84deg,South,ERA5_2023_0619_18Z,29.17,True,2.942,2.942,4.206,True,True,True,True
nom_elev_84deg__South__ERA5_2024_0616_15Z,nom_elev_84deg,South,ERA5_2024_0616_15Z,29.17,True,2.942,2.942,4.206,True,True,True,True
nom_elev_84deg__South__ERA5_2024_0616_18Z,nom_elev_84deg,South,ERA5_2024_0616_18Z,29.17,True,2.942,2.942,4.206,True,True,True,True
nom_elev_84deg__South__ERA5_2024_0619_15Z,nom_elev_84deg,South,ERA5_2024_0619_15Z,29.17,True,2.942,2.942,4.206,True,True,True,True
nom_elev_84deg__South__ERA5_2024_0619_18Z,nom_elev_84deg,South,ERA5_2024_0619_18Z,29.17,True,2.942,2.942,4.206,True,True,True,True
nom_elev_84deg__West__ERA5_2022_0616_15Z,nom_elev_84deg,West,ERA5_2022_0616_15Z,29.17,True,2.942,2.942,4.206,True,True,True,True
nom_elev_84deg__West__ERA5_2022_0616_18Z,nom_elev_84deg,West,ERA5_2022_0616_18Z,29.17,True,2.942,2.942,4.206,True,True,True,True
nom_elev_84deg__West__ERA5_2022_0619_15Z,nom_elev_84deg,West,ERA5_2022_0619_15Z,29.17,True,2.942,2.942,4.206,True,True,True,True
nom_elev_84deg__West__ERA5_2022_0619_18Z,nom_elev_84deg,West,ERA5_2022_0619_18Z,29.17,True,2.942,2.942,4.206,True,True,True,True
nom_elev_84deg__West__ERA5_2023_0616_15Z,nom_elev_84deg,West,ERA5_2023_0616_15Z,29.17,True,2.942,2.942,4.206,True,True,True,True
nom_elev_84deg__West__ERA5_2023_0616_18Z,nom_elev_84deg,West,ERA5_2023_0616_18Z,29.17,True,2.942,2.942,4.206,True,True,True,True
nom_elev_84deg__West__ERA5_2023_0619_15Z,nom_elev_84deg,West,ERA5_2023_0619_15Z,29.17,True,2.942,2.942,4.206,True,True,True,True
nom_elev_84deg__West__ERA5_2023_0619_18Z,nom_elev_84deg,West,ERA5_2023_0619_18Z,29.17,True,2.942,2.942,4.206,True,True,True,True
nom_elev_84deg__West__ERA5_2024_0616_15Z,nom_elev_84deg,West,ERA5_2024_0616_15Z,29.17,True,2.942,2.942,4.206,True,True,True,True
nom_elev_84deg__West__ERA5_2024_0616_18Z,nom_elev_84deg,West,ERA5_2024_0616_18Z,29.17,True,2.942,2.942,4.206,True,True,True,True
nom_elev_84deg__West__ERA5_2024_0619_15Z,nom_elev_84deg,West,ERA5_2024_0619_15Z,29.17,True,2.942,2.942,4.206,True,True,True,True
nom_elev_84deg__West__ERA5_2024_0619_18Z,nom_elev_84deg,West,ERA5_2024_0619_18Z,29.17,True,2.942,2.942,4.206,True,True,True,True
max_elev_86deg__North__ERA5_2022_0616_15Z,max_elev_86deg,North,ERA5_2022_0616_15Z,29.17,True,2.942,2.942,4.206,True,True,True,True
max_elev_86deg__North__ERA5_2022_0616_18Z,max_elev_86deg,North,ERA5_2022_0616_18Z,29.16,True,2.942,2.942,4.206,True,True,True,True
max_elev_86deg__North__ERA5_2022_0619_15Z,max_elev_86deg,North,ERA5_2022_0619_15Z,29.17,True,2.942,2.942,4.206,True,True,True,True
max_elev_86deg__North__ERA5_2022_0619_18Z,max_elev_86deg,North,ERA5_2022_0619_18Z,29.16,True,2.942,2.942,4.206,True,True,True,True
max_elev_86deg__North__ERA5_2023_0616_15Z,max_elev_86deg,North,ERA5_2023_0616_15Z,29.17,True,2.942,2.942,4.206,True,True,True,True
max_elev_86deg__North__ERA5_2023_0616_18Z,max_elev_86deg,North,ERA5_2023_0616_18Z,29.17,True,2.942,2.942,4.206,True,True,True,True
max_elev_86deg__North__ERA5_2023_0619_15Z,max_elev_86deg,North,ERA5_2023_0619_15Z,29.17,True,2.942,2.942,4.206,True,True,True,True
max_elev_86deg__North__ERA5_2023_0619_18Z,max_elev_86deg,North,ERA5_2023_0619_18Z,29.17,True,2.942,2.942,4.206,True,True,True,True
max_elev_86deg__North__ERA5_2024_0616_15Z,max_elev_86deg,North,ERA5_2024_0616_15Z,29.17,True,2.942,2.942,4.206,True,True,True,True
max_elev_86deg__North__ERA5_2024_0616_18Z,max_elev_86deg,North,ERA5_2024_0616_18Z,29.17,True,2.942,2.942,4.206,True,True,True,True
max_elev_86deg__North__ERA5_2024_0619_15Z,max_elev_86deg,North,ERA5_2024_0619_15Z,29.16,True,2.942,2.942,4.206,True,True,True,True
max_elev_86deg__North__ERA5_2024_0619_18Z,max_elev_86deg,North,ERA5_2024_0619_18Z,29.16,True,2.942,2.942,4.206,True,True,True,True
max_elev_86deg__East__ERA5_2022_0616_15Z,max_elev_86deg,East,ERA5_2022_0616_15Z,29.16,True,2.942,2.942,4.206,True,True,True,True
max_elev_86deg__East__ERA5_2022_0616_18Z,max_elev_86deg,East,ERA5_2022_0616_18Z,29.16,True,2.942,2.942,4.206,True,True,True,True
max_elev_86deg__East__ERA5_2022_0619_15Z,max_elev_86deg,East,ERA5_2022_0619_15Z,29.16,True,2.942,2.942,4.206,True,True,True,True
max_elev_86deg__East__ERA5_2022_0619_18Z,max_elev_86deg,East,ERA5_2022_0619_18Z,29.16,True,2.942,2.942,4.206,True,True,True,True
max_elev_86deg__East__ERA5_2023_0616_15Z,max_elev_86deg,East,ERA5_2023_0616_15Z,29.17,True,2.942,2.942,4.206,True,True,True,True
max_elev_86deg__East__ERA5_2023_0616_18Z,max_elev_86deg,East,ERA5_2023_0616_18Z,29.17,True,2.942,2.942,4.206,True,True,True,True
max_elev_86deg__East__ERA5_2023_0619_15Z,max_elev_86deg,East,ERA5_2023_0619_15Z,29.17,True,2.942,2.942,4.206,True,True,True,True
max_elev_86deg__East__ERA5_2023_0619_18Z,max_elev_86deg,East,ERA5_2023_0619_18Z,29.17,True,2.942,2.942,4.206,True,True,True,True
max_elev_86deg__East__ERA5_2024_0616_15Z,max_elev_86deg,East,ERA5_2024_0616_15Z,29.17,True,2.942,2.942,4.206,True,True,True,True
max_elev_86deg__East__ERA5_2024_0616_18Z,max_elev_86deg,East,ERA5_2024_0616_18Z,29.17,True,2.942,2.942,4.206,True,True,True,True
max_elev_86deg__East__ERA5_2024_0619_15Z,max_elev_86deg,East,ERA5_2024_0619_15Z,29.16,True,2.942,2.942,4.206,True,True,True,True
max_elev_86deg__East__ERA5_2024_0619_18Z,max_elev_86deg,East,ERA5_2024_0619_18Z,29.16,True,2.942,2.942,4.206,True,True,True,True
max_elev_86deg__South__ERA5_2022_0616_15Z,max_elev_86deg,South,ERA5_2022_0616_15Z,29.17,True,2.942,2.942,4.206,True,True,True,True
max_elev_86deg__South__ERA5_2022_0616_18Z,max_elev_86deg,South,ERA5_2022_0616_18Z,29.16,True,2.942,2.942,4.206,True,True,True,True
max_elev_86deg__South__ERA5_2022_0619_15Z,max_elev_86deg,South,ERA5_2022_0619_15Z,29.17,True,2.942,2.942,4.206,True,True,True,True
max_elev_86deg__South__ERA5_2022_0619_18Z,max_elev_86deg,South,ERA5_2022_0619_18Z,29.16,True,2.942,2.942,4.206,True,True,True,True
max_elev_86deg__South__ERA5_2023_0616_15Z,max_elev_86deg,South,ERA5_2023_0616_15Z,29.17,True,2.942,2.942,4.206,True,True,True,True
max_elev_86deg__South__ERA5_2023_0616_18Z,max_elev_86deg,South,ERA5_2023_0616_18Z,29.17,True,2.942,2.942,4.206,True,True,True,True
max_elev_86deg__South__ERA5_2023_0619_15Z,max_elev_86deg,South,ERA5_2023_0619_15Z,29.17,True,2.942,2.942,4.206,True,True,True,True
max_elev_86deg__South__ERA5_2023_0619_18Z,max_elev_86deg,South,ERA5_2023_0619_18Z,29.17,True,2.942,2.942,4.206,True,True,True,True
max_elev_86deg__South__ERA5_2024_0616_15Z,max_elev_86deg,South,ERA5_2024_0616_15Z,29.17,True,2.942,2.942,4.206,True,True,True,True
max_elev_86deg__South__ERA5_2024_0616_18Z,max_elev_86deg,South,ERA5_2024_0616_18Z,29.17,True,2.942,2.942,4.206,True,True,True,True
max_elev_86deg__South__ERA5_2024_0619_15Z,max_elev_86deg,South,ERA5_2024_0619_15Z,29.16,True,2.942,2.942,4.206,True,True,True,True
max_elev_86deg__South__ERA5_2024_0619_18Z,max_elev_86deg,South,ERA5_2024_0619_18Z,29.16,True,2.942,2.942,4.206,True,True,True,True
max_elev_86deg__West__ERA5_2022_0616_15Z,max_elev_86deg,West,ERA5_2022_0616_15Z,29.17,True,2.942,2.942,4.206,True,True,True,True
max_elev_86deg__West__ERA5_2022_0616_18Z,max_elev_86deg,West,ERA5_2022_0616_18Z,29.16,True,2.942,2.942,4.206,True,True,True,True
max_elev_86deg__West__ERA5_2022_0619_15Z,max_elev_86deg,West,ERA5_2022_0619_15Z,29.17,True,2.942,2.942,4.206,True,True,True,True
max_elev_86deg__West__ERA5_2022_0619_18Z,max_elev_86deg,West,ERA5_2022_0619_18Z,29.16,True,2.942,2.942,4.206,True,True,True,True
max_elev_86deg__West__ERA5_2023_0616_15Z,max_elev_86deg,West,ERA5_2023_0616_15Z,29.17,True,2.942,2.942,4.206,True,True,True,True
max_elev_86deg__West__ERA5_2023_0616_18Z,max_elev_86deg,West,ERA5_2023_0616_18Z,29.17,True,2.942,2.942,4.206,True,True,True,True
max_elev_86deg__West__ERA5_2023_0619_15Z,max_elev_86deg,West,ERA5_2023_0619_15Z,29.17,True,2.942,2.942,4.206,True,True,True,True
max_elev_86deg__West__ERA5_2023_0619_18Z,max_elev_86deg,West,ERA5_2023_0619_18Z,29.17,True,2.942,2.942,4.206,True,True,True,True
max_elev_86deg__West__ERA5_2024_0616_15Z,max_elev_86deg,West,ERA5_2024_0616_15Z,29.17,True,2.942,2.942,4.206,True,True,True,True
max_elev_86deg__West__ERA5_2024_0616_18Z,max_elev_86deg,West,ERA5_2024_0616_18Z,29.17,True,2.942,2.942,4.206,True,True,True,True
max_elev_86deg__West__ERA5_2024_0619_15Z,max_elev_86deg,West,ERA5_2024_0619_15Z,29.16,True,2.942,2.942,4.206,True,True,True,True
max_elev_86deg__West__ERA5_2024_0619_18Z,max_elev_86deg,West,ERA5_2024_0619_18Z,29.16,True,2.942,2.942,4.206,True,True,True,True
