,initial_static_margin [calibers],frontal_surface_wind [m/s],lateral_surface_wind [m/s],out_rail_vel [m/s],out_rail_stability [calibers],out_rail_angle_of_attack [deg],out_rail_thrust_to_weight [ratio],burn_out_dynamic_pressure [Pa],burn_out_time [s],burn_out_accel [m/s²],apogee_alt [m],apogee_time [s],max_speed [m/s],max_speed_time [s],max_mach [-],max_mach_time [s],max_dynamic_pressure [Pa],max_dynamic_pressure_time [s],max_acceleration_power_on [m/s²],max_acceleration_power_on_time [s],max_Gs_power_on [G],max_Gs_power_on_time [s],max_acceleration_power_off [m/s²],max_acceleration_power_off_time [s],max_Gs_power_off [G],max_Gs_power_off_time [s],max_stability_margin [calibers],impact_speed [m/s],impact_time [s],impact_x [m],impact_y [m],impact_lat [°],impact_lon [°],impact_radius [m],inclination_deg,heading_deg,case_key
min_elev_82deg__North__ERA5_2022_0616_15Z,2.9416249455043433,3.073825008525287,4.545474720080994,29.17738066726269,3.0197899910355464,10.801096498784416,9.473687346474138,46658.9405440467,4.519,32.189153930508645,3454.777338795898,26.00427085181279,314.35365993149753,4.296325391693198,0.9056433871494035,4.296325391693198,48332.387823856036,4.274925390513481,87.42345194504202,1.5006861425804305,8.914711134285614,1.5006861425804305,14.975635579472687,11.101449270596497,1.5270898400037412,11.101449270596497,4.206464041413016,9.66763605990799,169.75686943862837,236.93003997683684,1356.4429731641337,31.059487920460352,-103.52479420677916,1376.979804968025,82.0,0.0,min_elev_82deg__North
min_elev_82deg__North__ERA5_2022_0616_18Z,2.9418010695371164,5.413344330392947,7.819234670467396,29.176143412580082,3.019905373876029,18.51206808191426,9.473703669836699,46612.7121688812,4.519,32.14989395391825,3399.735693975982,25.791785857993148,313.7821244336526,4.2992976122712845,0.9056660267921898,4.2992976122712845,48269.95408965941,4.281928387160757,87.53454569255972,1.520106290665458,8.926039543836042,1.520106290665458,14.952505230296756,11.101596203715166,1.5247312007970875,11.101596203715166,4.206464041413016,12.45708359107435,167.82202578124895,374.12507847824713,1316.8113017192213,31.05913155165518,-103.52335423653706,1368.9271633954177,82.0,0.0,min_elev_82deg__North
min_elev_82deg__North__ERA5_2022_0619_15Z,2.9416226481486785,3.075812129983425,4.447053498891889,29.177365043582917,3.019795174208722,10.646565863317413,9.473687228823671,46750.96686235094,4.519,32.29583895025657,3451.0720320729233,25.9825275527356,314.25590561662517,4.294748883079397,0.9067395952001268,4.299439706820358,48429.12353287243,4.2604933925958575,87.41323048387599,1.5009298863378464,8.913668835318482,1.5009298863378464,15.155246706886297,10.93972479511169,1.5454050778692314,10.93972479511169,4.206464041413016,9.611938584112627,169.84802898623977,203.41605812592687,1300.0869231522781,31.058981222606278,-103.52514597744043,1315.9042900055642,82.0,0.0,min_elev_82deg__North
min_elev_82deg__North__ERA5_2022_0619_18Z,2.9417887981086785,6.5385726834876365,6.518514433128594,29.17630341171111,3.019893606335146,18.08512326752532,9.47370192456765,46944.33778934291,4.519,32.382797217060634,3419.6876833951956,25.864350893902802,313.31639245598035,4.290695571448326,0.9095078355678109,4.3077137274401585,48632.99680322054,4.26500363336951,87.45876202318436,1.5070800643922342,8.918311760201941,1.5070800643922342,17.57040082021969,9.103591419930138,1.7916822584898706,9.103591419930138,4.206464041413016,12.22253166802611,168.95458797959577,170.8399850084236,1278.327723225585,31.058785588163204,-103.52548789440429,1289.6930132573357,82.0,0.0,min_elev_82deg__North
min_elev_82deg__North__ERA5_2023_0616_15Z,2.941584091052111,-0.13554435232464734,-4.043675513274354,29.177398107120794,3.0198001388035376,7.910779937029268,9.47368517949347,46455.53877956503,4.519,31.960168324344917,3412.156115618861,25.813794667843702,315.0339609568971,4.296811232423839,0.903709055544117,4.296811232423839,48094.56429629536,4.281066106374767,87.5217663698229,1.501888294233861,8.924736415577481,1.501888294233861,23.57499796777411,6.47280407273548,2.403980764866097,6.47280407273548,4.206464041413016,8.963594453988609,168.0055669062166,135.3645947646773,1332.3055642404483,31.059270914133148,-103.52586023043935,1339.1645492701277,82.0,0.0,min_elev_82deg__North
min_elev_82deg__North__ERA5_2023_0616_18Z,2.941605767424167,-1.1120707733357387,-4.763655223563745,29.17712754934605,3.0198345187438944,9.48719793461897,9.473687932639415,46309.603374555096,4.519,31.8456571245887,3383.236130100414,25.70012187974941,315.2397077623364,4.295456814546398,0.9029772113726593,4.295456814546398,47925.62784930207,4.263992946537892,87.5968994900553,1.5082890172705263,8.932397861660741,1.5082890172705263,29.635478284192107,4.146380483635031,3.021977768574601,4.146380483635031,4.206464041413016,9.4034276349184,166.70655297250002,159.4872437438191,1362.2406894043188,31.05954006147529,-103.52560703745002,1371.5450691777337,82.0,0.0,min_elev_82deg__North
min_elev_82deg__North__ERA5_2023_0619_15Z,2.9415879241194456,-2.495401268587165,-3.3986086013324908,29.17707066984469,3.019847576083938,8.11968142131786,9.47368720955829,46437.95013738391,4.519,31.96883849570678,3358.621066732744,25.601559600807086,315.3264917449547,4.2972598833393185,0.9036442609294705,4.302348735511073,48057.97513693035,4.28708217899581,87.61951299244659,1.5036056067807226,8.934703797162802,1.5036056067807226,13.824416919537109,12.35820137011812,1.4096982067818378,12.35820137011812,4.206464041413016,9.065385025638038,166.07291985466307,154.1945311469753,1324.047851303398,31.059196665712335,-103.52566259508626,1332.9961237665998,82.0,0.0,min_elev_82deg__North
min_elev_82deg__North__ERA5_2023_0619_18Z,2.9415781177389717,-1.522072734586591,-3.483223426675167,29.177398178598466,3.019803749379773,7.3763420267327,9.473685104976989,46107.28239467352,4.519,31.92062620215643,3400.2182126730468,25.774136518991064,315.5458528681905,4.293978446751772,0.901302094258319,4.293978446751772,47710.21281866689,4.268163091160349,87.59708669037514,1.505571423936453,8.932416950780862,1.505571423936453,18.419282098255323,8.600869859816347,1.8782440587005067,8.600869859816347,4.206464041413016,8.900991232290886,166.88665946455745,218.48213956514206,1395.1185644679504,31.05983566099019,-103.52498782565459,1412.1226059489582,82.0,0.0,min_elev_82deg__North
min_elev_82deg__North__ERA5_2024_0616_15Z,2.9415414345490327,0.09726123309035138,-1.3065776545957575,29.17799763614734,3.0197347949805797,2.5776499866905302,9.473680019516221,45892.14662959657,4.519,31.81658424341026,3468.1117053809503,26.049671212231026,315.6199062517924,4.291882889269985,0.9011836716172738,4.308320661729197,47493.17526240038,4.270670312667646,87.50774893966879,1.4921378079774683,8.923307035498238,1.4921378079774683,25.043606586178452,6.00191477730987,2.5537371667366995,6.00191477730987,4.206464041413016,8.149001269428744,168.76020206072747,190.95898909052246,1312.3183077167942,31.05909119856436,-103.52527672253701,1326.1390109197243,82.0,0.0,min_elev_82deg__North
min_elev_82deg__North__ERA5_2024_0616_18Z,2.941565338213927,3.120940077270987,0.5213290699929076,29.17826042113938,3.0196816539154794,6.229304708111379,9.473681084934066,45542.11860915343,4.519,31.67789685469157,3538.334105698482,26.342178877000663,315.5774061528065,4.300878217781142,0.8991184584364449,4.300878217781142,47127.710089282096,4.274175489065225,87.45332769997081,1.5052640637452832,8.9177576134532,1.5052640637452832,15.20527353473792,10.900081421188796,1.550506394613647,10.900081421188796,4.206464041413016,8.664201830929786,170.29488669076733,385.7364622726555,1070.6414133195765,31.05691820440209,-103.523232459288,1138.0095141261183,82.0,0.0,min_elev_82deg__North
min_elev_82deg__North__ERA5_2024_0619_15Z,2.941823647181412,4.121294267980535,8.943069534368618,29.175560092734962,3.0199895429370858,19.030849375420793,9.473707620054899,47238.1259464923,4.519,32.36968795315565,3336.8189289105294,25.529073500752023,313.27891047126747,4.300973252331865,0.9116147479927826,4.300973252331865,48937.29252178561,4.271358482550059,87.57016567632142,1.5146265334223683,8.929671771330824,1.5146265334223683,14.336346540630863,11.6342225956509,1.4619005002351326,11.6342225956509,4.206464041413016,12.68379072896017,166.59547406915644,289.1992797409935,1015.0734272540875,31.056418613534365,-103.52424569215412,1055.4668569500743,82.0,0.0,min_elev_82deg__North
min_elev_82deg__North__ERA5_2024_0619_18Z,2.9418178999512823,4.932677637856674,8.375760509384886,29.175667462359737,3.0199779437543195,18.872015473937303,9.473706627239542,47370.87673787039,4.519,32.56537961561336,3351.6623122792143,25.584397662037997,313.0363604379304,4.291317100071938,0.9129391748138499,4.291317100071938,49086.39763017918,4.266695885413748,87.51421941756344,1.5019431299627546,8.923966840619727,1.5019431299627546,14.12145206385057,11.868963749467435,1.4399873620299053,11.868963749467435,4.206464041413016,12.578339059072363,167.28990340307607,115.09462356873746,1116.175822374145,31.05732766740527,-103.52607300614945,1122.0941310010617,82.0,0.0,min_elev_82deg__North
min_elev_82deg__East__ERA5_2022_0616_15Z,2.9416249455043433,-4.545474720080994,3.0738250085252874,29.176145890690062,3.019974237143396,10.387930300353611,9.47369365377529,47281.60225533145,4.519,32.40253375397977,3258.7710832529574,25.186433243548798,314.6439814318223,4.297824949376597,0.9105214570222181,4.297824949376597,48958.13899942978,4.271846817933103,87.67994400720056,1.5079293326391527,8.940866045713936,1.5079293326391527,14.774204757487967,11.293285784282943,1.506549612506612,11.293285784282943,4.206464041413016,9.66764128764543,164.19089291230844,1263.9195878189826,166.1804805151979,31.04878547053859,-103.51401652249201,1274.79750414596,82.0,90.0,min_elev_82deg__East
min_elev_82deg__East__ERA5_2022_0616_18Z,2.9418010695371164,-7.819234670467396,5.413344330392948,29.17402789944442,3.020224234365358,17.397002742900018,9.473714283199891,47711.38821862694,4.519,32.35365330782855,3077.686442521358,24.46183887554128,314.3032101797955,4.288123360267502,0.9143399895424802,4.304776781266624,49376.23646221485,4.269795007356139,87.99923990501085,1.5655119310863785,8.973425166087386,1.5655119310863785,16.269747724249765,9.998110459349121,1.6590525535478238,9.998110459349121,4.206464041413016,12.457129066888685,158.39352057512198,1214.804918766968,200.59539108389512,31.049094950898127,-103.51453192555576,1231.255254439355,82.0,90.0,min_elev_82deg__East
min_elev_82deg__East__ERA5_2022_0619_15Z,2.9416226481486785,-4.447053498891889,3.0758121299834253,29.17615111201777,3.019977623845204,10.245473371028815,9.473693332747613,47366.8400537809,4.519,32.34025521715209,3257.6722757506604,25.177886609487388,314.5389367692841,4.296768605695676,0.9115574883860398,4.296768605695676,49054.783557061266,4.2798378904035905,87.66315715745517,1.5049785353172052,8.939154263428916,1.5049785353172052,17.063702408480648,9.457964530812953,1.740013399935824,9.457964530812953,4.206464041413016,9.611938005662191,164.3773096132487,1233.8806415856677,118.9153920671235,31.04836053623103,-103.51433183052778,1239.5976396195408,82.0,90.0,min_elev_82deg__East
min_elev_82deg__East__ERA5_2022_0619_18Z,2.9417887981086785,-6.518514433128594,6.5385726834876365,29.174189601209335,3.020212181864386,17.05505398351839,9.473712525769075,48112.17581326048,4.519,32.540308215797445,3092.480799752032,24.511212721450793,313.79430365931336,4.288175210328549,0.9187311508799698,4.304477925882752,49805.91204334766,4.269989450900279,87.90854179997548,1.5605537523398119,8.964176533268292,1.5605537523398119,17.932384824538385,8.893809318233815,1.8285943542941154,8.893809318233815,4.206464041413016,12.22257688723371,159.42987256336275,1065.6444112925733,184.3917681559003,31.04894940660937,-103.51609734496414,1081.47969721246,82.0,90.0,min_elev_82deg__East
min_elev_82deg__East__ERA5_2023_0616_15Z,2.941584091052111,4.043675513274354,-0.1355443523246476,29.178057869407972,3.0197001950502473,7.992289193905707,9.473681906061373,46114.417667805814,4.519,32.00876699119469,3524.942444974633,26.283032022772716,314.862159735852,4.2877254079042935,0.9010252481731689,4.304702635159007,47748.84975220205,4.2877254079042935,87.39014582330022,1.4977159583718709,8.911314855052462,1.4977159583718709,19.47565047751696,8.071919985881335,1.9859636550215376,8.071919985881335,4.206464041413016,8.96360866317184,170.9413259381978,1358.0326674655694,173.90997138618857,31.0488548625363,-103.51302882202383,1369.1228593706244,82.0,90.0,min_elev_82deg__East
min_elev_82deg__East__ERA5_2023_0616_18Z,2.941605767424167,4.763655223563745,-1.112070773335739,29.178060629526048,3.0196945602610468,9.67085749882542,9.473683166880766,45834.04704681997,4.519,31.880033093313507,3540.9635903045682,26.348758314573576,315.0070444736647,4.30187046963618,0.8992355630310765,4.30187046963618,47454.10184157572,4.278679429881043,87.405735179804,1.4965802251241969,8.912904527010141,1.4965802251241969,31.854983074545782,4.533615893499866,3.248304270525183,4.533615893499866,4.206464041413016,9.403439782631919,170.88844162169997,1373.099659626776,239.31837265805123,31.049442939968724,-103.51287060905712,1393.799109900299,82.0,90.0,min_elev_82deg__East
min_elev_82deg__East__ERA5_2023_0619_15Z,2.9415879241194456,3.3986086013324908,-2.495401268587165,29.17801111314268,3.0197072321082503,8.324613643537523,9.47368235588596,45961.67268768235,4.519,31.930006861671437,3514.908678232796,26.254833093642517,315.0947101290806,4.2967600335465415,0.899893963151039,4.30151170296823,47578.027069919575,4.261633045019266,87.43159240035226,1.5094062684946035,8.915541229711701,1.5094062684946035,14.844716263044976,11.234392124159852,1.5137397850484087,11.234392124159852,4.206464041413016,9.065379264264012,170.27866696276988,1379.2919305891085,235.6207120171947,31.049409686612847,-103.51280562753846,1399.2724358464723,82.0,90.0,min_elev_82deg__East
min_elev_82deg__East__ERA5_2023_0619_18Z,2.9415781177389717,3.483223426675167,-1.5220727345865912,29.178163905437334,3.0196852167985755,7.504059901629234,9.473681504252571,45697.52795893357,4.519,31.730868531383422,3535.2340088617157,26.337323661512468,315.36054823885803,4.297622715315915,0.8980568909886067,4.302400968983042,47297.236601490265,4.288066207981663,87.44021580888685,1.5021673807622526,8.916420572661087,1.5021673807622526,20.6364692940895,7.5160507040461555,2.104334231780425,7.5160507040461555,4.206464041413016,8.900983915464584,170.44896486233836,1449.6009062190471,266.19548725924034,31.049684503672562,-103.51206770601138,1473.8394840511862,82.0,90.0,min_elev_82deg__East
min_elev_82deg__East__ERA5_2024_0616_15Z,2.9415414345490327,1.3065776545957575,0.0972612330903513,29.178131055364467,3.0197064385854984,2.567680047190151,9.473680403937587,45788.96550047041,4.519,31.787397719968936,3501.6461668841985,26.19931639897503,315.57296070614194,4.298111647227393,0.9003765251469322,4.3029192522630835,47388.757967965576,4.288496437156012,87.46992483445439,1.5122508095625256,8.919450050165388,1.5122508095625256,13.61769252721328,12.608494271031065,1.3886181853347759,12.608494271031065,4.206464041413016,8.148957675824976,169.62877832104246,1416.5560314820839,116.40573690667028,31.04833776599466,-103.51241471624044,1421.330815086008,82.0,90.0,min_elev_82deg__East
min_elev_82deg__East__ERA5_2024_0616_18Z,2.941565338213927,-0.5213290699929074,3.120940077270987,29.17775130454268,3.0197675286119114,6.178695067674884,9.473682666203436,45764.23575573266,4.519,31.757899642581485,3449.1713969204984,25.99691081444686,315.7531628693095,4.2951819856900855,0.9008462886604269,4.300382782699848,47355.1960308307,4.2847803916705605,87.55423193605556,1.4882840216697626,8.928046982002575,1.4882840216697626,16.69691971040928,9.66306872839079,1.7026119735495078,9.66306872839079,4.206464041413016,8.664315628921289,167.84278177220767,1562.567105360806,-155.70407531234085,31.045891008784345,-103.51088280019304,1570.3056128742962,82.0,90.0,min_elev_82deg__East
min_elev_82deg__East__ERA5_2024_0619_15Z,2.941823647181412,-8.943069534368618,4.121294267980536,29.17344672610019,3.020308190076588,17.859572369556027,9.473718231077395,48307.077780073596,4.519,32.53369050514112,3030.5321030091804,24.278501294202783,313.79247983206864,4.283223914465316,0.919965956246139,4.302114408794107,50012.47763118825,4.283223914465316,88.02980106002144,1.558443337951064,8.976541536612547,1.558443337951064,14.037700259816987,11.900979300301927,1.4314470547859859,11.900979300301927,4.206464041413016,12.683847117495814,157.54122049641524,1160.0811237971132,-42.3973528134145,31.046910228703627,-103.5151065175915,1160.8556108818866,82.0,90.0,min_elev_82deg__East
min_elev_82deg__East__ERA5_2024_0619_18Z,2.9418178999512823,-8.375760509384886,4.932677637856675,29.17349927660863,3.0203046333211447,17.712594840920342,9.47371751247945,48509.15137859815,4.519,32.6228378280745,3031.5251379914316,24.267531559953966,313.5337174506232,4.2925686952146815,0.9218328568807087,4.2925686952146815,50227.71147744593,4.2632870444335635,87.98566806437434,1.541204766330303,8.972041223493685,1.541204766330303,13.533212149275554,12.562503347409752,1.3800035842286158,12.562503347409752,4.206464041413016,12.57836485978584,157.8190665139145,998.9622469445317,71.29442419992881,31.04793259306518,-103.51679726857368,1001.5031032116011,82.0,90.0,min_elev_82deg__East
min_elev_82deg__South__ERA5_2022_0616_15Z,2.9416249455043433,-3.0738250085252874,-4.545474720080994,29.17638405247815,3.0199387738253587,10.495260011563756,9.47369243480602,47218.66654048772,4.519,32.36251655228848,3288.7279307863373,25.29376833230914,314.55448176362,4.287881717428043,0.9100607065408308,4.309527903399418,48887.120951100565,4.287881717428043,87.63134605960092,1.5111182874690683,8.935910434205454,1.5111182874690683,14.896423590822566,11.203694593781938,1.519012465094866,11.203694593781938,4.206464041413016,9.66763536324355,165.09591288119486,179.6433258939359,-928.4894149772657,31.038943824658464,-103.5253958891779,945.7083685064123,82.0,180.0,min_elev_82deg__South
min_elev_82deg__South__ERA5_2022_0616_18Z,2.9418010695371164,-5.413344330392948,-7.819234670467395,29.17441296379122,3.02016635498687,17.63661356952921,9.47371232747733,47583.02519725898,4.519,32.27324230352358,3125.556870403318,24.64138307968574,314.17748285994344,4.287426512600381,0.9133626392054444,4.310394579711704,49240.4031082849,4.287426512600381,87.91260416053365,1.5575423986347776,8.964590778760703,1.5575423986347776,14.52847972064554,11.557060085096536,1.48149263210633,11.557060085096536,4.206464041413016,12.45708201625874,159.83465805282498,217.33401721198106,-830.2665618083502,31.039826951964496,-103.52500035580456,858.2404317524063,82.0,180.0,min_elev_82deg__South
min_elev_82deg__South__ERA5_2022_0619_15Z,2.9416226481486785,-3.0758121299834253,-4.447053498891889,29.17636464872289,3.0199445192632823,10.344712231990243,9.473692336946892,47306.93642537909,4.519,32.368979235334095,3286.2793669671173,25.283684802606142,314.4669095322482,4.291572138163617,0.9111278591928021,4.29679738298598,48989.98319038969,4.281121648518892,87.62097740005076,1.512115905341557,8.93485312518044,1.512115905341557,15.32414702443283,10.811129298170849,1.5626281170871634,10.811129298170849,4.206464041413016,9.611938487623734,165.23144236432822,150.0891763000721,-978.5391305555502,31.03849382569572,-103.5257060269708,989.982621499411,82.0,180.0,min_elev_82deg__South
min_elev_82deg__South__ERA5_2022_0619_18Z,2.9417887981086785,-6.538572683487637,-6.518514433128593,29.174186240351066,3.0202126984121525,17.05296575179341,9.473712542547021,48142.01356224571,4.519,32.627740169834034,3088.9681937984774,24.487984578215457,313.78173992132156,4.300552831834018,0.9189921530196624,4.300552831834018,49833.543648150386,4.282080257807763,87.90948995529918,1.560229484174052,8.964273218203891,1.560229484174052,15.420821069325694,10.673078349803918,1.5724861261823042,10.673078349803918,4.206464041413016,12.222531837705258,159.32017895981264,44.857979304015416,-828.3425399989583,31.03984427028125,-103.52681027245336,829.5562680609225,82.0,180.0,min_elev_82deg__South
min_elev_82deg__South__ERA5_2023_0616_15Z,2.941584091052111,0.13554435232464784,4.043675513274354,29.177441011958045,3.019793777807191,7.920699350243237,9.473684958169011,46490.570510137724,4.519,31.99491400388171,3412.7778836745692,25.798682366766922,314.99137324611337,4.292028876892581,0.9040309593587273,4.308627699250249,48126.15486645684,4.27061573930165,87.51571044292693,1.5115349442177632,8.924118882893438,1.5115349442177632,18.173365824483056,8.771706907853154,1.8531675775604368,8.771706907853154,4.206464041413016,8.963594225332255,168.06364234546473,141.7625873807223,-989.7733348877698,31.038392818625457,-103.52579340428994,999.8739348716589,82.0,180.0,min_elev_82deg__South
min_elev_82deg__South__ERA5_2023_0616_18Z,2.941605767424167,1.1120707733357393,4.763655223563745,29.177480232694,3.019781619442785,9.586480825320267,9.473686134589125,46212.59316328837,4.519,31.92492166717709,3433.008636438296,25.88648282233306,315.1045746075179,4.287936911434172,0.902320235905857,4.305111741485256,47826.97495168271,4.287936911434172,87.51935152617237,1.4997961293390119,8.924490170055256,1.4997961293390119,26.78617108569555,5.569208960550811,2.731429293968435,5.569208960550811,4.206464041413016,9.403427473366081,168.16125880693815,156.67664625584288,-946.9284376737319,31.038778040434945,-103.52563689590859,959.8026034332232,82.0,180.0,min_elev_82deg__South
min_elev_82deg__South__ERA5_2023_0619_15Z,2.9415879241194456,2.4954012685871656,3.3986086013324903,29.177864177185597,3.0197288350996474,8.312696521993644,9.473683141653082,46080.47677932747,4.519,31.864795137650198,3483.7678536123467,26.094101429543336,315.1180011306066,4.298033466932808,0.9008497891256503,4.298033466932808,47696.37803459207,4.266896982407937,87.46280671931446,1.5085172673242206,8.918724204423985,1.5085172673242206,18.478129573311783,8.592268819574253,1.8842448311412954,8.592268819574253,4.206464041413016,9.065384917805224,169.641792672474,154.9432771946379,-977.9082291958841,31.038499497578147,-103.52565508996977,990.1070264758473,82.0,180.0,min_elev_82deg__South
min_elev_82deg__South__ERA5_2023_0619_18Z,2.9415781177389717,1.5220727345865914,3.483223426675167,29.17787952002053,3.019731677921094,7.482988870730303,9.473682629025845,45945.80138380384,4.519,31.742113013252954,3471.88280738298,26.04655892638469,315.39273845243736,4.292792371597831,0.9000867346724964,4.310726936979931,47538.06557696045,4.264133555071924,87.50078230173236,1.509334427056286,8.922596636132866,1.509334427056286,31.65138486105514,4.563420098897029,3.2275430306022077,4.563420098897029,4.206464041413016,8.900991243403539,168.9338694298235,218.23990556454618,-938.3529749602477,31.038855133666313,-103.524990873036,963.3976136557374,82.0,180.0,min_elev_82deg__South
min_elev_82deg__South__ERA5_2024_0616_15Z,2.9415414345490327,-0.09726123309035122,1.3065776545957575,29.177972870768635,3.0197394597407134,2.5752238494971484,9.47368006658384,45964.734732518686,4.519,31.91317451770953,3457.2877783525237,25.99575333826813,315.6024806618804,4.294340375362631,0.901835870061099,4.305062573805305,47565.295724897165,4.278257077698621,87.51774968679354,1.5105279357713313,8.924326827896737,1.5105279357713313,28.795445190754105,5.107968150248538,2.9363182320929275,5.107968150248538,4.206464041413016,8.149000917464726,168.4920248389836,192.1804299633236,-1068.5992528243569,31.03768407802905,-103.52526435611524,1085.7429165311933,82.0,180.0,min_elev_82deg__South
min_elev_82deg__South__ERA5_2024_0616_18Z,2.941565338213927,-3.120940077270987,-0.5213290699929073,29.177342170095635,3.0198291584443404,6.047924953872032,9.473684773060981,46015.606637437675,4.519,31.79838997822612,3377.1976034405325,25.687035041409036,315.82839381781133,4.292600515702754,0.9028703462423322,4.310680018300917,47599.296120739666,4.263811445460041,87.64750963359775,1.5111677594128576,8.937558660051879,1.5111677594128576,14.516281368339888,11.55555268487374,1.480248746344561,11.55555268487374,4.206464041413016,8.6642813924076,165.8582909393279,357.0702653347409,-1280.195301185495,31.035781553684153,-103.52353416075047,1329.059510918771,82.0,180.0,min_elev_82deg__South
min_elev_82deg__South__ERA5_2024_0619_15Z,2.941823647181412,-4.121294267980536,-8.943069534368618,29.17422907361729,3.020190642136995,18.345105776453057,9.473714257172286,47964.24327349999,4.519,32.54897211867676,3134.9199851226854,24.709136904081745,313.5785861135631,4.282210216257188,0.9173213279520034,4.303440953737243,49663.74763560409,4.282210216257188,87.85702277770369,1.530012414251301,8.958923055039559,1.530012414251301,13.8745311702148,12.087306877617564,1.414808438173566,12.087306877617564,4.206464041413016,12.683791172727755,160.66141404765344,202.95841643747258,-1105.3085458819678,31.03735401848719,-103.52515126477925,1123.7878360271197,82.0,180.0,min_elev_82deg__South
min_elev_82deg__South__ERA5_2024_0619_18Z,2.9418178999512823,-4.932677637856675,-8.375760509384886,29.17406173179792,3.0202201843253724,18.05907162831596,9.473714655092706,48262.84922048703,4.519,32.63633788825598,3105.768136388506,24.57734377663199,313.383399957039,4.283934978717693,0.91996344199279,4.304002467303725,49979.02399220474,4.283934978717693,87.86419544806566,1.554941964206953,8.959654463865403,1.554941964206953,13.632120906732853,12.454765522937516,1.3900894705870868,12.454765522937516,4.206464041413016,12.578341621007043,160.0448444431932,27.53084708113118,-975.4993325759677,31.038521166133442,-103.52699210272478,975.8877473342736,82.0,180.0,min_elev_82deg__South
min_elev_82deg__West__ERA5_2022_0616_15Z,2.9416249455043433,4.5454747200809935,-3.073825008525288,29.177618117378877,3.0197545331696847,10.838130911815734,9.473686137213976,46594.08783286482,4.519,32.21186164389624,3487.7181384175938,26.121435546187296,314.2653779295613,4.297653166859401,0.9051937788220513,4.297653166859401,48263.81132117781,4.280010409069037,87.37954406927868,1.5084353949474467,8.910233777006285,1.5084353949474467,14.808956775289706,11.289983529077622,1.5100933321052252,11.289983529077622,4.206464041413016,9.667637176394171,170.69435244292882,-977.6657045752125,151.0260788492424,31.048649487973577,-103.53754130954232,989.2618997996053,82.0,270.0,min_elev_82deg__West
min_elev_82deg__West__ERA5_2022_0616_18Z,2.9418010695371164,7.819234670467395,-5.413344330392949,29.17652943681926,3.0198475046591726,18.657892449085168,9.473701719876944,46475.13708491034,4.519,32.06409601071145,3456.4381190969107,25.998317187578223,313.66143837867406,4.294638142132614,0.9046419961305575,4.299982974546688,48126.702161127796,4.283948477304467,87.45835978720116,1.5070160623774336,8.91827074354659,1.5070160623774336,15.701857568087803,10.473161207585793,1.6011438736049317,10.473161207585793,4.206464041413016,12.457083148753119,169.44744835350738,-796.9680834576486,137.05861995804074,31.048524041033193,-103.53564493095452,808.6675406834134,82.0,270.0,min_elev_82deg__West
min_elev_82deg__West__ERA5_2022_0619_15Z,2.9416226481486785,4.447053498891888,-3.075812129983426,29.17758695459674,3.0197620377944414,10.679985804444561,9.4736860988723,46687.72011556752,4.519,32.30791327756738,3482.5984052154754,26.099736866563273,314.1809529872584,4.290583086497976,0.9062920925945738,4.300160321285923,48368.39391948329,4.274550751332587,87.36728587054208,1.4968685847518681,8.908983788606923,1.4968685847518681,15.915620411541532,10.31046878318351,1.6229416173251348,10.31046878318351,4.206464041413016,9.611932988406867,170.7416127007861,-1009.3887229806015,94.08459574445295,31.04813749338406,-103.53787417615965,1013.7640283797836,82.0,270.0,min_elev_82deg__West
min_elev_82deg__West__ERA5_2022_0619_18Z,2.9417887981086785,6.518514433128593,-6.538572683487637,29.176300042996083,3.0198941227883163,18.083890784891828,9.473701941282172,46977.81567590504,4.519,32.3549360498179,3414.870415316832,25.830994450053403,313.30400462152784,4.2951273539153,0.9097911514985829,4.2951273539153,48663.81305579341,4.266454624149994,87.45873357485279,1.5087875018974692,8.918308859279447,1.5087875018974692,16.528447955107815,9.811432798723569,1.6854326355185325,9.811432798723569,4.206464041413016,12.22213232387877,168.85252124442454,-1012.0030446310894,103.6065389212899,31.04822310409215,-103.53790162209025,1017.2927195502008,82.0,270.0,min_elev_82deg__West
min_elev_82deg__West__ERA5_2023_0616_15Z,2.941584091052111,-4.043675513274354,0.1355443523246481,29.176772268670987,3.019893763935369,7.6930405114873395,9.473688379001777,46823.66892588966,4.519,32.14245109006605,3307.1927646417616,25.365666916241327,315.15608022096245,4.300759095878845,0.9066478709834697,4.300759095878845,48458.54080290501,4.284550854818693,87.64975303101899,1.5041139764397427,8.937787422924137,1.5041139764397427,14.27602868028466,11.860676150499943,1.4557497902224166,11.860676150499943,4.206464041413016,8.963607554168476,164.9896172210693,-952.2553998958925,157.30609098878503,31.04870597315544,-103.53727464191513,965.1608948217173,82.0,270.0,min_elev_82deg__West
min_elev_82deg__West__ERA5_2023_0616_18Z,2.941605767424167,-4.763655223563745,1.1120707733357396,29.176546354935404,3.0199215850717533,9.248108160173675,9.473690906759794,46676.90422033475,4.519,32.08720205856382,3284.8799380461023,25.280323948243105,315.34649171991776,4.296117064759696,0.9059686902537492,4.3069050861486,48295.357574766036,4.27993503267634,87.7105753871293,1.5248030859795,8.943989577187857,1.5248030859795,31.85454835318011,4.55772089639259,3.2482599412827127,4.55772089639259,4.206464041413016,9.403438741320512,163.89121312209764,-916.6066579584995,201.2161777288663,31.04910080239506,-103.5369005587006,938.4325844692651,82.0,270.0,min_elev_82deg__West
min_elev_82deg__West__ERA5_2023_0619_15Z,2.9415879241194456,-3.3986086013324903,2.4954012685871656,29.176926847533384,3.0198691668098228,8.06211452983429,9.473687942615905,46548.23041212361,4.519,32.06658712490221,3330.588871141421,25.466045503638146,315.33818514839754,4.302823009664464,0.904544390726508,4.302823009664464,48166.88013540307,4.285855165924585,87.64381370344186,1.4994772025823109,8.93718178006168,1.4994772025823109,15.052096149483553,11.0619950346917,1.5348866482931025,11.0619950346917,4.206464041413016,9.065379160841625,165.2855491509691,-952.8308198364482,178.256494241991,31.04889434032076,-103.53728070057043,969.3616192988264,82.0,270.0,min_elev_82deg__West
min_elev_82deg__West__ERA5_2023_0619_18Z,2.9415781177389717,-3.4832234266751665,1.5220727345865916,29.17708786156599,3.0198503335261115,7.261051802369476,9.473686694116001,46347.115101355106,4.519,31.89474455919899,3341.9593300415754,25.514016680136177,315.57784476116757,4.3004226404062,0.9032955075516619,4.3004226404062,47946.87321949677,4.28324685735974,87.66119248034713,1.5105887011410926,8.938953922118882,1.5105887011410926,17.8858450351268,8.930925421754761,1.8238486165129582,8.930925421754761,4.206464041413016,8.900990282530136,165.22360269047348,-891.5830782456477,227.52287611006824,31.049337348345254,-103.53663796571624,920.1559892580074,82.0,270.0,min_elev_82deg__West
min_elev_82deg__West__ERA5_2024_0616_15Z,2.9415414345490327,-1.3065776545957575,-0.09726123309035115,29.177784205353227,3.0197681649315404,2.5358806572335766,9.473681012851527,46064.65112838942,4.519,31.801333592934952,3424.7799919383324,25.85532247306232,315.64201180273164,4.2905955847346275,0.9026158190626331,4.307283541501234,47660.5940343476,4.267019173885746,87.55923870616758,1.507108187025021,8.928557530468364,1.507108187025021,16.901732427352687,9.565602929904651,1.723497058358633,9.565602929904651,4.206464041413016,8.1489550346012,167.59999896557602,-968.9813852314148,116.02182806098314,31.048334767665033,-103.53745013657756,975.9026537066102,82.0,270.0,min_elev_82deg__West
min_elev_82deg__West__ERA5_2024_0616_18Z,2.941565338213927,0.5213290699929071,-3.120940077270987,29.1779147255494,3.0197429245862732,6.2091419633532094,9.47368182524561,45797.02589243697,4.519,31.83830633270021,3462.7214111390704,26.01390183315937,315.64722166716086,4.287574596296822,0.9011954139281159,4.304714883169414,47377.90936462327,4.287574596296822,87.5324521356682,1.5112634364506246,8.925826060445534,1.5112634364506246,15.772914116245333,10.417492931477774,1.6083896250243799,10.417492931477774,4.206464041413016,8.664328350837609,168.31592555897095,-808.034977754988,-150.99228426062257,31.04593413267192,-103.53576084380244,822.0214079826294,82.0,270.0,min_elev_82deg__West
min_elev_82deg__West__ERA5_2024_0619_15Z,2.941823647181412,8.943069534368618,-4.121294267980537,29.17634460019604,3.019872015284306,19.340913012298426,9.473703656456316,46868.445768113386,4.519,32.396345451092074,3463.3411170727168,26.060804151594056,313.0791888132822,4.29523410886562,0.908753888266368,4.29523410886562,48562.749330624014,4.279308683969157,87.40531082313792,1.5085858331991326,8.912861254672894,1.5085858331991326,14.446713892740464,11.535831776942558,1.473154838068093,11.535831776942558,4.206464041413016,12.683808190367921,170.04136331190801,-835.0100535639428,-166.29078252890866,31.045796563186066,-103.53604391842444,851.4073137499674,82.0,270.0,min_elev_82deg__West
min_elev_82deg__West__ERA5_2024_0619_18Z,2.9418178999512823,8.375760509384884,-4.932677637856676,29.176231459234167,3.0198935096746657,19.088104481959796,9.473703777401457,47105.08729587032,4.519,32.54832883513205,3442.9612114004904,25.97636442245576,312.8847985061109,4.3013056326669235,0.910908523708632,4.3013056326669235,48815.720440800236,4.281889876452814,87.40092367837872,1.5055881753715297,8.91241389040893,1.5055881753715297,14.553734571791018,11.425894884580748,1.4840679102232688,11.425894884580748,4.206464041413016,12.578335722958364,169.73470398204722,-1023.5512584885073,-69.37431477333638,31.04666780215761,-103.53802264107176,1025.8995927008048,82.0,270.0,min_elev_82deg__West
nom_elev_84deg__North__ERA5_2022_0616_15Z,2.9416249455043433,3.073825008525287,4.545474720080994,29.17170067280343,3.0198257780651034,10.778243962407267,9.473755737348446,46653.54623736326,4.519,32.228397196309125,3473.5976835775436,26.077706546117053,314.1939602452437,4.291348228522115,0.905730498394337,4.307647240568112,48329.78115368435,4.26980785525041,87.39652523528414,1.508701279832157,8.91196537403539,1.508701279832157,14.79688404655864,11.279423396411488,1.50886225638303,11.279423396411488,4.206464041413016,9.667635947289101,170.25375326674168,241.81897537881687,1060.5185498810658,31.056827226864424,-103.52474296399278,1087.7389445520002,84.0,0.0,nom_elev_84deg__North
nom_elev_84deg__North__ERA5_2022_0616_18Z,2.9418010695371164,5.413344330392947,7.819234670467396,29.170311324861416,3.019955572061755,18.425834228397697,9.473774132799985,46659.59251416062,4.519,32.19957953663598,3402.1437279738957,25.79692288511456,313.6359707336556,4.302205141509912,0.9061847924191819,4.302205141509912,48319.17068753949,4.285427830944104,87.52779931613424,1.5129136907835798,8.92535160489405,1.5129136907835798,14.96168842038677,11.10016938413937,1.5256676255792518,11.10016938413937,4.206464041413016,12.457066815548846,167.8761298733545,371.08034630523264,1023.5746751837383,31.056495026327635,-103.52338630153392,1088.7633990410895,84.0,0.0,nom_elev_84deg__North
nom_elev_84deg__North__ERA5_2022_0619_15Z,2.9416226481486785,3.075812129983425,4.447053498891889,29.171685702866768,3.0198310212059543,10.624433962390933,9.473755595318323,46745.34639709986,4.519,32.257279349640626,3470.021567212895,26.057654651143675,314.0923453538624,4.291240745169596,0.9068169966961627,4.301851651565332,48426.800904578864,4.285935291971729,87.38102711021448,1.513801416505942,8.910385005094959,1.513801416505942,16.80296454903388,9.638911616862712,1.7134255376743213,9.638911616862712,4.206464041413016,9.61193875915697,170.36678173725176,208.76147455912093,1004.6405849562059,31.056324827589712,-103.5250899339724,1026.101387876094,84.0,0.0,nom_elev_84deg__North
nom_elev_84deg__North__ERA5_2022_0619_18Z,2.9417887981086785,6.5385726834876365,6.518514433128594,29.17042472971863,3.0199510083622787,17.989645363790515,9.473772550426204,47023.474915888524,4.519,32.34297614215685,3414.211511370102,25.83743901182205,313.1833594381546,4.2923888916713,0.910279869221001,4.301087308231891,48715.242501359025,4.279341266830416,87.44752874859958,1.521238623089665,8.917166284980048,1.521238623089665,17.58757764640841,9.096265026624495,1.7934338073050848,9.096265026624495,4.206464041413016,12.222574756117426,168.79121903830145,163.95374411184324,982.6431905694564,31.05612705342601,-103.52556021922419,996.2271177702465,84.0,0.0,nom_elev_84deg__North
nom_elev_84deg__North__ERA5_2023_0616_15Z,2.941584091052111,-0.13554435232464734,-4.043675513274354,29.171869750184822,3.019816489342648,7.913620662310097,9.473752431274068,46384.19347605928,4.519,32.07164289677232,3452.189038594048,25.974998537806258,314.83509403535004,4.286532645447844,0.9032862766551616,4.303488234024677,48023.27632432675,4.286532645447844,88.75865287982312,1.915749372209275,9.050863738363573,1.915749372209275,17.498305159868213,9.174803604075095,1.7843305471152957,9.174803604075095,4.206464041413016,8.963594448949324,169.1264250568458,130.68443408376208,1060.0323853216664,31.056822873283767,-103.52590938810077,1068.0576198139008,84.0,0.0,nom_elev_84deg__North
nom_elev_84deg__North__ERA5_2023_0616_18Z,2.941605767424167,-1.1120707733357387,-4.763655223563745,29.171629842472232,3.019845131596028,9.503340036661347,9.473755189983603,46221.96440463068,4.519,31.885327867400054,3428.697218272524,25.882213863860134,315.0371700039921,4.2963675850086895,0.9024296154510658,4.2963675850086895,47846.111471790544,4.2779276328079945,87.5250816517761,1.519128331128212,8.92507448025331,1.519128331128212,38.60960160531862,4.090737084663311,3.937083673356205,4.090737084663311,4.206464041413016,9.403427725914774,167.99231645543526,153.8363023312954,1097.5772590670558,31.05716044102737,-103.52566638956168,1108.3056652097907,84.0,0.0,nom_elev_84deg__North
nom_elev_84deg__North__ERA5_2023_0619_15Z,2.9415879241194456,-2.495401268587165,-3.3986086013324908,29.171638269183433,3.0198499315744542,8.156746535005752,9.473753963843167,46319.312463968265,4.519,32.019258019591696,3413.001485889734,25.82070354560266,315.1174342068879,4.294769356289205,0.9028403043083585,4.300096998507733,47943.52941800977,4.284114071852148,87.54631289897779,1.5113903560945925,8.927239464952638,1.5113903560945925,14.803923851027045,11.284862853789376,1.5095801166582927,11.284862853789376,4.206464041413016,9.065386282845992,167.62657547453878,153.7141605040728,1072.6250835055162,31.056936092987858,-103.52566767532225,1083.5832284161136,84.0,0.0,nom_elev_84deg__North
nom_elev_84deg__North__ERA5_2023_0619_18Z,2.9415781177389717,-1.522072734586591,-3.483223426675167,29.171928717117673,3.0198119050360264,7.395850238015837,9.473751999093347,46013.675149753944,4.519,31.838932028077018,3448.822958529062,25.969237122699877,315.3382705003343,4.298421572657303,0.9006955685155158,4.298421572657303,47619.14600802249,4.280877123371944,87.52634661585708,1.5025555292224226,8.92520347069153,1.5025555292224226,15.21776317657457,10.887541424580098,1.5517799836411588,10.887541424580098,4.206464041413016,8.900993566749532,168.23348416679232,215.89987378006927,1132.3562959974442,31.057473133845466,-103.52501498521568,1152.75475994823,84.0,0.0,nom_elev_84deg__North
nom_elev_84deg__North__ERA5_2024_0616_15Z,2.9415414345490327,0.09726123309035138,-1.3065776545957575,29.172485021997655,3.01975238256981,2.577919482707999,9.473746767584904,45824.901022714395,4.519,31.874462731534148,3507.4265084212293,26.209580776218218,315.42760947544167,4.297652159173067,0.9007821490918819,4.30826464470183,47429.2580096269,4.281733430879921,87.45475050117378,1.5012615528766302,8.91790269879865,1.5012615528766302,25.520005254530364,4.430110997565893,2.6023163113326535,4.430110997565893,4.206464041413016,8.149000926709283,169.8307093195606,190.90820524368678,1032.6323878510734,31.05657650833626,-103.52527730851344,1050.1312257372292,84.0,0.0,nom_elev_84deg__North
nom_elev_84deg__North__ERA5_2024_0616_18Z,2.941565338213927,3.120940077270987,0.5213290699929076,29.172666167670503,3.019716850446744,6.233067732219792,9.473747591390495,45528.85146285244,4.519,31.71257224764443,3559.1181863118063,26.42605832268839,315.425995871444,4.297323245690876,0.89912184448998,4.297323245690876,47117.00293774922,4.279968697032195,87.41810295272931,1.509643269541703,8.914165688867179,1.509643269541703,18.61627265453069,8.489778022881252,1.89833150510426,8.489778022881252,4.206464041413016,8.66427849130297,170.77477253222307,387.239312503861,766.1294094388094,31.054180299323995,-103.52321680289486,858.4337814622173,84.0,0.0,nom_elev_84deg__North
nom_elev_84deg__North__ERA5_2024_0619_15Z,2.941823647181412,4.121294267980535,8.943069534368618,29.169774526584302,3.020032307253165,18.959590554300718,9.473777959174948,47256.28340676112,4.519,32.49471395715354,3348.8699232856025,25.578434507334066,313.1411936987202,4.2927604337044105,0.9118735207288873,4.2927604337044105,48958.15054777065,4.272327418208694,87.54435279025007,1.5225660731222845,8.927039589487753,1.5225660731222845,13.632219502708782,12.453260175478093,1.3900995245786056,12.453260175478093,4.206464041413016,12.68379144786793,166.9227413623102,292.8578748681386,732.7515644224937,31.053880222309704,-103.52420737514993,789.1074641871628,84.0,0.0,nom_elev_84deg__North
nom_elev_84deg__North__ERA5_2024_0619_18Z,2.9418178999512823,4.932677637856674,8.375760509384886,29.169847713241538,3.0200258189366984,18.789831001857287,9.473777110077307,47408.6506722872,4.519,32.6290824963489,3357.7203394156295,25.608935737376648,312.8870737637681,4.2987878739197205,0.9133917714434873,4.2987878739197205,49126.18211774872,4.2817435766752485,87.50290674944128,1.5140707808769482,8.922813269510106,1.5140707808769482,14.528639224489337,11.427583873081124,1.4815088969718853,11.427583873081124,4.206464041413016,12.578337419770335,167.4368840503835,115.70010667445351,831.2919507335218,31.05476624169035,-103.52606668389416,839.3049636686441,84.0,0.0,nom_elev_84deg__North
nom_elev_84deg__East__ERA5_2022_0616_15Z,2.9416249455043433,-4.545474720080994,3.0738250085252874,29.170788312728057,3.019964071696605,10.47387156864532,9.473760228705158,47122.06824398901,4.519,32.285333073068415,3323.543817969621,25.44860353065715,314.4156278567517,4.294804289300182,0.9094113721974989,4.305486961301184,48801.051558639425,4.27878028129868,87.57607172345368,1.524057015898246,8.930274020532362,1.524057015898246,14.477101424606845,11.6009118503418,1.4762535039597462,11.6009118503418,4.206464041413016,9.667640690262655,166.0935679225426,1025.603255458538,167.11411224965164,31.04879409666011,-103.51651758382447,1039.1290411301861,84.0,90.0,nom_elev_84deg__East
nom_elev_84deg__East__ERA5_2022_0616_18Z,2.9418010695371164,-7.819234670467396,5.413344330392948,29.168736273062137,3.020194936639794,17.595728969186435,9.473781798977711,47487.73392169585,4.519,32.20939087836355,3155.725288085991,24.779451295800634,314.03579476950927,4.29000421696245,0.9126822222036348,4.29000421696245,49149.08910873864,4.29000421696245,87.874816480958,1.5673563719665025,8.960737507809293,1.5673563719665025,15.683511224002004,10.4651059065205,1.5992730671536157,10.4651059065205,4.206464041413016,12.457120214861412,160.73361071564173,1014.7478247467812,195.0454106215059,31.049045239776614,-103.51663148039893,1033.3227279184543,84.0,90.0,nom_elev_84deg__East
nom_elev_84deg__East__ERA5_2022_0619_15Z,2.9416226481486785,-4.447053498891889,3.0758121299834253,29.170781954583234,3.019967994705242,10.328728960738387,9.473760045917999,47208.165473868554,4.519,32.3857667115223,3322.093704448379,25.439484238341784,314.30772668721966,4.293536998382825,0.9104320590782972,4.293536998382825,48895.349479564116,4.265640578675331,87.56364526641647,1.5231693150207963,8.92900687456129,1.5231693150207963,13.91001047236242,12.235017077552115,1.418426320136073,12.235017077552115,4.206464041413016,9.61193950648478,166.27226251721535,995.3753144003815,116.96194879040857,31.048343198386352,-103.51683486700948,1002.223584826514,84.0,90.0,nom_elev_84deg__East
nom_elev_84deg__East__ERA5_2022_0619_18Z,2.9417887981086785,-6.518514433128594,6.5385726834876365,29.168851476476082,3.0201901593513854,17.214523010900407,9.473780202781532,47899.97451712683,4.519,32.63366723570633,3164.6992100978678,24.80546830122867,313.54175827186884,4.28776283998065,0.9171972534256206,4.304045070068451,49593.00489376769,4.264619855171489,87.79592713663216,1.5235825898279904,8.952693033465268,1.5235825898279904,14.260050512696976,11.780385786590951,1.4541204705681325,11.780385786590951,4.206464041413016,12.222343590928066,161.58158532567836,849.4234174047638,174.36441417814896,31.04885942530257,-103.51836653529516,867.1349900489985,84.0,90.0,nom_elev_84deg__East
nom_elev_84deg__East__ERA5_2023_0616_15Z,2.941584091052111,4.043675513274354,-0.1355443523246476,29.17236275759205,3.0197414407504835,7.98908881017733,9.473749986197856,46127.1795471042,4.519,32.133571102385105,3537.4120500858244,26.31919396347238,314.7129533495034,4.293855864368248,0.9012614112376497,4.298619399268887,47766.767627161535,4.28432879456697,87.3652993389795,1.5047524665450078,8.908781218762728,1.5047524665450078,19.448060049242752,8.09052788471137,1.9831502143181161,8.09052788471137,4.206464041413016,8.963606120468834,171.2287925008215,1045.1199880250947,174.00654654806326,31.048856050214045,-103.5163127540941,1059.5065207969026,84.0,90.0,nom_elev_84deg__East
nom_elev_84deg__East__ERA5_2023_0616_18Z,2.941605767424167,4.763655223563745,-1.112070773335739,29.172318995293217,3.0197400755835027,9.656514283925256,9.473751783301374,45867.23046001175,4.519,31.823179508815382,3548.3526188335118,26.368698428003547,314.8634865450185,4.296218003812754,0.8996102504518576,4.296218003812754,47486.84564383092,4.268519124827808,87.38744181840435,1.5051464094982394,8.911039123289234,1.5051464094982394,18.21008657234673,8.732081053430182,1.856912051755363,8.732081053430182,4.206464041413016,9.403438759519348,171.04224412834492,1055.0318871942295,240.0299060651069,31.049449665450396,-103.51620866238635,1081.9919772356177,84.0,90.0,nom_elev_84deg__East
nom_elev_84deg__East__ERA5_2023_0619_15Z,2.9415879241194456,3.3986086013324908,-2.495401268587165,29.172329616187678,3.0197445980034607,8.315383293685672,9.47375053640145,45962.92669729567,4.519,31.834719732463917,3532.049321821012,26.311698059204613,314.9390637375884,4.298207904566625,0.900012111808179,4.298207904566625,47586.779737004625,4.277589140676584,87.40287973248803,1.503127537685574,8.912613352417802,1.503127537685574,15.635531477938397,10.520775082092765,1.5943804946580533,10.520775082092765,4.206464041413016,9.06537930909672,170.6945799962103,1070.9784755497196,240.2097617914131,31.04945126815681,-103.51604130610782,1097.586272122009,84.0,90.0,nom_elev_84deg__East
nom_elev_84deg__East__ERA5_2023_0619_18Z,2.9415781177389717,3.483223426675167,-1.5220727345865912,29.17251195203172,3.019722844813605,7.501024227463355,9.4737491054251,45703.61989826957,4.519,31.750555249593315,3551.2933066847863,26.386787689631504,315.19256753296156,4.2990371821436835,0.8982285849788606,4.2990371821436835,47308.525796453105,4.278219425863656,87.4054878264626,1.5115434036990099,8.912879303988886,1.5115434036990099,26.355866721443487,5.657030089754764,2.687550460294136,5.657030089754764,4.206464041413016,8.90099076593975,170.82278085469193,1138.3582908574247,269.0629480638839,31.049710627450402,-103.51533413655513,1169.7240992578827,84.0,90.0,nom_elev_84deg__East
nom_elev_84deg__East__ERA5_2024_0616_15Z,2.9415414345490327,1.3065776545957575,0.0972612330903513,29.17262617423637,3.019730828054164,2.57512042877715,9.47374606014893,45750.72453281679,4.519,31.745416268547913,3533.1385334267434,26.324600152466846,315.39768678895905,4.296241736063019,0.9001928823356045,4.304928297780514,47353.991969383416,4.283211893486777,87.42834873293508,1.5065002209015292,8.91521046768622,1.5065002209015292,15.314711400243906,10.799878996102926,1.561665951190662,10.799878996102926,4.206464041413016,8.149004154980563,170.40914930051696,1125.7240251905548,116.5093464634165,31.048339011564877,-103.51546690114186,1131.7371641439356,84.0,90.0,nom_elev_84deg__East
nom_elev_84deg__East__ERA5_2024_0616_18Z,2.941565338213927,-0.5213290699929074,3.120940077270987,29.172243772360726,3.0197815751676256,6.184353804238089,9.473749691220744,45691.78950385614,4.519,31.639160879860626,3491.431818006511,26.166137659308422,315.5503916382451,4.295531123177481,0.9003890675007951,4.295531123177481,47286.78284281523,4.276830011762669,87.50595670824765,1.5083820056989863,8.923124278754484,1.5083820056989863,17.340196856747514,9.235176756913777,1.768207987105435,9.235176756913777,4.206464041413016,8.664280109739163,168.97277724079535,1290.1626258830374,-165.6665211613679,31.04580176522619,-103.51374153370166,1300.755548694344,84.0,90.0,nom_elev_84deg__East
nom_elev_84deg__East__ERA5_2024_0619_15Z,2.941823647181412,-8.943069534368618,4.121294267980536,29.168198571455484,3.020271510740359,18.094817521109263,9.473785625713662,48061.95539527521,4.519,32.55274086815143,3113.341892835653,24.61631883041928,313.51832804447145,4.3013966124960925,0.9181826133467694,4.3013966124960925,49768.51922424398,4.280727192660494,87.89702015079668,1.5589068254454874,8.963001652021504,1.5589068254454874,13.838058040767173,12.120474670039851,1.411089214029987,12.120474670039851,4.206464041413016,12.683791333558009,160.00845337241637,958.7888522695235,-58.57639650424376,31.046764942077782,-103.51721899661877,960.5765234814625,84.0,90.0,nom_elev_84deg__East
nom_elev_84deg__East__ERA5_2024_0619_18Z,2.9418178999512823,-8.375760509384886,4.932677637856675,29.16823142514656,3.0202710603572274,17.929791194648352,9.473784972217661,48266.92637731382,4.519,32.648800699500676,3112.022664652713,24.597506002160497,313.27109362416246,4.287559420595577,0.9201029026796076,4.303284899917786,49990.014081427995,4.266627335253597,87.86002294798394,1.550415942977724,8.959228987267206,1.550415942977724,13.93440234100427,12.07127917453346,1.4209135985279653,12.07127917453346,4.206464041413016,12.578368909337486,160.23616684134734,790.9994188088041,52.83474660405873,31.047766777938854,-103.51897977436442,792.7620014888333,84.0,90.0,nom_elev_84deg__East
nom_elev_84deg__South__ERA5_2022_0616_15Z,2.9416249455043433,-3.0738250085252874,-4.545474720080994,29.170964203642946,3.0199374542218496,10.548179680385617,9.473759362009675,47075.388368782544,4.519,32.32234369373703,3346.608222083899,25.530810245572678,314.34444371520203,4.288886678731693,0.9090425071969092,4.311664558520957,48745.020867230276,4.288886678731693,87.54681827736462,1.5183196477286605,8.927290999206113,1.5183196477286605,14.610200874660226,11.487389197125145,1.489825870675534,11.487389197125145,4.206464041413016,9.667635144258396,166.7633403060182,191.94060826964906,-673.0108705638471,31.041240861487772,-103.52526679743112,699.8462895522347,84.0,180.0,nom_elev_84deg__South
nom_elev_84deg__South__ERA5_2022_0616_18Z,2.9418010695371164,-5.413344330392948,-7.819234670467395,29.169022568206884,3.0201514929248203,17.767473888101797,9.473780403034116,47392.61771588714,4.519,32.21615742476353,3192.9280786475397,24.917781102142026,313.9452159958228,4.30037522943111,0.912015888026204,4.30037522943111,49055.878964285235,4.28016060991399,87.8121391215155,1.5377861019778667,8.954346195848277,1.5377861019778667,14.804606188763493,11.275506574286505,1.509649695743551,11.275506574286505,4.206464041413016,12.457120529746273,161.86706625062658,245.78916107975618,-597.7319417701702,31.04191769351398,-103.52470169860001,646.2938850992082,84.0,180.0,nom_elev_84deg__South
nom_elev_84deg__South__ERA5_2022_0619_15Z,2.9416226481486785,-3.0758121299834253,-4.447053498891889,29.170946361634975,3.019943119763193,10.397356302952163,9.473759235442149,47163.82331950712,4.519,32.369748070532964,3344.076426250209,25.52041735610983,314.25481877978746,4.291012508538517,0.9101326304282912,4.300846600953103,48850.09047594976,4.275012675249154,87.53948660999285,1.5055062562140975,8.926543377197397,1.5055062562140975,15.039619230203236,11.064861066848716,1.5336143566052869,11.064861066848716,4.206464041413016,9.611938551074042,166.91736673212725,161.99097213364337,-725.6000321660428,31.04076803041927,-103.52558109389608,743.4624951752207,84.0,180.0,nom_elev_84deg__South
nom_elev_84deg__South__ERA5_2022_0619_18Z,2.9417887981086785,-6.538572683487637,-6.518514433128593,29.168848976259092,3.0201905471719606,17.213029305903817,9.47378021478557,47923.53158910152,4.519,32.56245222780724,3161.9108644529256,24.78689680603291,313.52887030528274,4.300423224345306,0.9173917241744172,4.300423224345306,49616.8174551167,4.279832980010562,87.7998751315946,1.5341901731625938,8.953095616912464,1.5341901731625938,14.768451803126267,11.273556976041869,1.5059629744230973,11.273556976041869,4.206464041413016,12.222532308742066,161.51067013076258,63.11296713694837,-604.95905349509,31.041852737632126,-103.5266186955571,608.2423061794573,84.0,180.0,nom_elev_84deg__South
nom_elev_84deg__South__ERA5_2023_0616_15Z,2.941584091052111,0.13554435232464784,4.043675513274354,29.171901395006525,3.019811715211394,7.921073296443563,9.47375227349662,46412.24013820086,4.519,32.02095531402499,3452.5235867495066,25.961749120472287,314.80615166357194,4.290669862782848,0.9035293900080612,4.300313882417977,48049.65173161869,4.274743555743669,87.46353247972152,1.5081293082572926,8.918798211389365,1.5081293082572926,15.9624881199067,10.278682000876493,1.627720793533643,10.278682000876493,4.206464041413016,8.963594312854479,169.17635272274694,136.98138414621167,-712.4945974915466,31.04088586615672,-103.5258435385403,725.542866450531,84.0,180.0,nom_elev_84deg__South
nom_elev_84deg__South__ERA5_2023_0616_18Z,2.941605767424167,1.1120707733357393,4.763655223563745,29.171890705891865,3.019805422987638,9.57795260286377,9.473753898498769,46151.88542444585,4.519,31.981412493078206,3466.85788164968,26.02558136007648,314.9379762931776,4.298661366503937,0.9019343544204447,4.298661366503937,47771.02886216912,4.27667559145442,87.4765044796753,1.5103586041568915,8.920120987256128,1.5103586041568915,20.888324186520705,4.389973387318695,2.1300162834934158,4.389973387318695,4.206464041413016,9.403427571692005,169.09218784580992,150.65145337631154,-663.6436768678745,31.0413250890759,-103.52570007965382,680.5283170090036,84.0,180.0,nom_elev_84deg__South
nom_elev_84deg__South__ERA5_2023_0619_15Z,2.9415879241194456,2.4954012685871656,3.3986086013324903,29.17222323974203,3.019760804088189,8.301971469766166,9.473751061553763,46051.05622827846,4.519,31.879232965851045,3508.47794428401,26.197241822653353,314.95411699293464,4.290658754439559,0.9007333820323102,4.300274286406783,47671.50036380265,4.274627066330235,87.42396571794198,1.498656495376039,8.914763524541202,1.498656495376039,13.979609036788952,12.194816535422913,1.4255233985906455,12.194816535422913,4.206464041413016,9.065382817621108,170.32260841656037,151.3024023795065,-683.668122133499,31.041145046761393,-103.52569325166704,700.2103385321834,84.0,180.0,nom_elev_84deg__South
nom_elev_84deg__South__ERA5_2023_0619_18Z,2.9415781177389717,1.5220727345865914,3.483223426675167,29.17228283543324,3.019757810164734,7.476032759354223,9.473750240608815,45889.67444722149,4.519,31.856814072877775,3503.3203535277507,26.176845671990005,315.21586543439804,4.298781124214058,0.8997598227475724,4.298781124214058,47490.136076648705,4.28145031335202,87.45666765246392,1.509139170261828,8.91809819382398,1.509139170261828,21.671881052693852,7.112814185468034,2.2099168475161095,7.112814185468034,4.206464041413016,8.900983484168304,169.76146222836527,213.84234891004579,-649.5749073670682,31.041451573319005,-103.52503695812793,683.8684891616963,84.0,180.0,nom_elev_84deg__South
nom_elev_84deg__South__ERA5_2024_0616_15Z,2.9415414345490327,-0.09726123309035122,1.3065776545957575,29.172462097071367,3.0197559062137307,2.5760967930821157,9.473746881879853,45880.77525291011,4.519,31.912875193740305,3499.292212783733,26.168593248428,315.409686056399,4.29689618157136,0.9012619725381612,4.30648957455554,47481.51490797684,4.282506092095091,87.45698393662259,1.4915541569801607,8.91813044583243,1.4915541569801607,27.348088525597177,5.423028674650724,2.788728926350709,5.423028674650724,4.206464041413016,8.14900097311131,169.629285861906,192.61993753554785,-790.6035663781163,31.040183571098638,-103.52525969107779,813.7299549027274,84.0,180.0,nom_elev_84deg__South
nom_elev_84deg__South__ERA5_2024_0616_18Z,2.941565338213927,-3.120940077270987,-0.5213290699929073,29.17194334992358,3.0198278329473065,6.096250799836192,9.473751187234177,45885.49676625542,4.519,31.706985215316795,3436.198276542749,25.925580107180906,315.6169850965099,4.294523741922971,0.9019495722369212,4.294523741922971,47476.79294238866,4.275800637257054,87.56618934339497,1.512353334168156,8.929266298215493,1.512353334168156,17.419607265033914,9.196659852725633,1.776305595186319,9.196659852725633,4.206464041413016,8.66425073252615,167.51700253882348,368.03487609260446,-1027.5395386853554,31.038053209099502,-103.52341901384374,1091.4610270560336,84.0,180.0,nom_elev_84deg__South
nom_elev_84deg__South__ERA5_2024_0619_15Z,2.941823647181412,-4.121294267980536,-8.943069534368618,29.168780275124035,3.020183281320232,18.4441180386163,9.473782794002517,47801.46082161088,4.519,32.57495743910924,3194.8022342910426,24.95244151725896,313.36360049186897,4.285187727743518,0.9161833587875856,4.300851320521124,49502.006686748486,4.285187727743518,87.76654317565482,1.5292654576429379,8.949696703324257,1.5292654576429379,13.667146920715703,12.36135816527358,1.393661130020517,12.36135816527358,4.206464041413016,12.683791150470732,162.4478497768395,222.67662173148042,-874.7546999567222,31.039426952687254,-103.5249443017807,902.652016539109,84.0,180.0,nom_elev_84deg__South
nom_elev_84deg__South__ERA5_2024_0619_18Z,2.9418178999512823,-4.932677637856675,-8.375760509384886,29.16864957971933,3.0202076744264104,18.17859999141605,9.473782936372448,48079.41039199022,4.519,32.646989835293965,3170.102756581143,24.840575144740072,313.1481485220951,4.301646945788433,0.9186624459183289,4.301646945788433,49800.309199372365,4.278336094495138,87.76487026879082,1.53677988411498,8.949526114299054,1.53677988411498,14.227683150434641,11.75663614922042,1.4508199181611092,11.75663614922042,4.206464041413016,12.578341282835192,161.9569666077587,43.97045945250945,-752.5930808422136,31.040525342946108,-103.52681958254644,753.8764796941468,84.0,180.0,nom_elev_84deg__South
nom_elev_84deg__West__ERA5_2022_0616_15Z,2.9416249455043433,4.5454747200809935,-3.073825008525288,29.17187636473689,3.0197991619264655,10.812999006139549,9.473754869433494,46606.03639168642,4.519,32.21095084023284,3498.3448985510795,26.165489347545144,314.12388094847717,4.299990470658214,0.9054087613319605,4.299990470658214,48279.45746149508,4.270937709397995,87.35163352257456,1.5166941922949755,8.907387693307559,1.5166941922949755,14.198023639999448,11.92023969467956,1.4477954897951337,11.92023969467956,4.206464041413016,9.667639569967617,170.94943294945594,-673.5906899941288,149.04203991867905,31.048631862477002,-103.53435013177659,689.8825605201856,84.0,270.0,nom_elev_84deg__West
nom_elev_84deg__West__ERA5_2022_0616_18Z,2.9418010695371164,7.819234670467395,-5.413344330392949,29.170597335129653,3.019912135533388,18.544861298470632,9.47377274587031,46558.92631416105,4.519,32.10748288004641,3444.4793748975053,25.951199693361037,313.54287659959215,4.302198908605311,0.9054247477029985,4.302198908605311,48215.36631104947,4.281617680184505,87.4660221180766,1.5122974860536467,8.919052083848879,1.5122974860536467,14.486395882032777,11.604505516226022,1.4772012748525518,11.604505516226022,4.206464041413016,12.457082498767734,169.10363874226513,-500.4203590222028,141.45921827872297,31.04856377074358,-103.53253275745776,520.0300435166585,84.0,270.0,nom_elev_84deg__West
nom_elev_84deg__West__ERA5_2022_0619_15Z,2.9416226481486785,4.447053498891888,-3.075812129983426,29.1718499087467,3.0198061475118716,10.656028103874458,9.473754783767538,46697.231578307685,4.519,32.38889966897405,3493.7433564737175,26.14606960305214,314.0313371115038,4.29969386329717,0.9064808486668594,4.29969386329717,48379.148303883885,4.282717179492998,87.35284552557368,1.5080036151345544,8.907511283218396,1.5080036151345544,14.994241719097035,11.109595227163842,1.528987138227329,11.109595227163842,4.206464041413016,9.611913599983835,171.00754507985081,-705.5325703542641,91.54396568873166,31.048114871568632,-103.53468531198781,711.4467692559397,84.0,270.0,nom_elev_84deg__West
nom_elev_84deg__West__ERA5_2022_0619_18Z,2.9417887981086785,6.518514433128593,-6.538572683487637,29.17042223204614,3.019951396115221,17.988632829510962,9.473772562338464,47049.18119582903,4.519,32.35049905922315,3410.6796126266145,25.81294965832608,313.17137356773,4.299891610597378,0.9104933360527899,4.299891610597378,48739.5782177644,4.272600130703112,87.45734151569937,1.5122686350177665,8.918166908750631,1.5122686350177665,16.160377615675202,10.083704009492061,1.64789990625496,10.083704009492061,4.206464041413016,12.222228740706385,168.70947938668473,-718.5120082744863,107.63302232711264,31.048259522390076,-103.53482153800715,726.5289901510498,84.0,270.0,nom_elev_84deg__West
nom_elev_84deg__West__ERA5_2023_0616_15Z,2.941584091052111,-4.043675513274354,0.1355443523246481,29.17140725125298,3.01988676769604,7.763347762891571,9.473754724685108,46661.2563213162,4.519,32.066786144017584,3371.1837915887845,25.626657977336528,314.9305040454519,4.297271215716989,0.9054802013497909,4.297271215716989,48300.297843580585,4.279648778734859,87.56481448606404,1.510216641211306,8.929126101784405,1.510216641211306,16.65806638779105,9.750277832112017,1.6986500372493205,9.750277832112017,4.206464041413016,8.963606816431687,166.85541793479993,-700.9814395128467,163.5688469751384,31.04876245878166,-103.53463759955277,719.8122993130077,84.0,270.0,nom_elev_84deg__West
nom_elev_84deg__West__ERA5_2023_0616_18Z,2.941605767424167,-4.763655223563745,1.1120707733357396,29.171200456726687,3.0199104834195745,9.337715223836751,9.473757310462863,46498.94343091831,4.519,32.02553567925473,3352.825487358279,25.55702285784622,315.11401913673336,4.295825302035838,0.9046732879990467,4.295825302035838,48121.21863903116,4.2770861838547765,87.62218562471129,1.5074311317564817,8.934976329807967,1.5074311317564817,20.943951311974427,4.192870367533739,2.1356886716640675,4.192870367533739,4.206464041413016,9.40343894032582,165.8674235771122,-670.5518871521851,209.95933020758991,31.049179579000636,-103.53431828095323,702.6540782665227,84.0,270.0,nom_elev_84deg__West
nom_elev_84deg__West__ERA5_2023_0619_15Z,2.9415879241194456,-3.3986086013324903,2.4954012685871656,29.171531914188694,3.01986613896946,8.11764259899629,9.473754490909801,46402.07338108518,4.519,32.03292705148206,3391.1544800790844,25.713272197776597,315.1262246538138,4.294229139131166,0.9034904521730276,4.294229139131166,48025.607482448846,4.274713448823202,87.56938412437628,1.5061621042883002,8.92959207521185,1.5061621042883002,14.537319788980787,11.571562760001374,1.4823940682068584,11.571562760001374,4.206464041413016,9.065379153887294,167.04739559334848,-694.4982511049717,192.85652447624744,31.049025791705365,-103.53456958051265,720.7783708054243,84.0,270.0,nom_elev_84deg__West
nom_elev_84deg__West__ERA5_2023_0619_18Z,2.9415781177389717,-3.4832234266751665,1.5220727345865916,29.171699641945512,3.0198468722233,7.317823705555197,9.47375313569699,46194.96171527463,4.519,31.84574591935276,3403.7961483867884,25.76645257678182,315.36466777351507,4.290833417014974,0.902196216590791,4.307338807881725,47794.998926714725,4.268341574970486,87.57257406311764,1.5188901042971579,8.929917358437146,1.5188901042971579,23.968998844081224,6.330443876732462,2.4441576730158845,6.330443876732462,4.206464041413016,8.900987758831242,166.99305803047204,-634.722742060812,237.86993419942885,31.049430546508,-103.53394228024872,677.8311477685551,84.0,270.0,nom_elev_84deg__West
nom_elev_84deg__West__ERA5_2024_0616_15Z,2.9415414345490327,-1.3065776545957575,-0.09726123309035115,29.172320942470108,3.0197774609437587,2.5511302569212324,9.473747588894636,45957.880465007904,4.519,31.80719319502282,3474.304688208026,26.058552624104433,315.4483231077022,4.300338924158517,0.9018808266704768,4.300338924158517,47559.17306965201,4.279973170742282,87.48932199698334,1.5109043403867275,8.92142801027704,1.5109043403867275,18.196240994979277,8.745080132155783,1.8555001957833999,8.745080132155783,4.206464041413016,8.148957174143035,168.97148852680576,-697.121290854865,117.14711661516044,31.048345077632643,-103.5345970563134,706.8957073673594,84.0,270.0,nom_elev_84deg__West
nom_elev_84deg__West__ERA5_2024_0616_18Z,2.941565338213927,0.5213290699929071,-3.120940077270987,29.172364481954247,3.019763107750209,6.207232801208068,9.47374909162943,45720.41976383583,4.519,31.690649348658166,3501.7054851182393,26.176607346099114,315.47872188393814,4.292364495879234,0.9006777605111118,4.308734557481747,47304.94132350951,4.271893163156081,87.48030209644797,1.5030776461455322,8.920508236395504,1.5030776461455322,16.170041981112824,10.094211642503595,1.6488853972674486,10.094211642503595,4.206464041413016,8.664279917050093,169.37943730626404,-523.6784893990608,-160.3554230124322,31.04585010836249,-103.5327766876774,547.679670928891,84.0,270.0,nom_elev_84deg__West
nom_elev_84deg__West__ERA5_2024_0619_15Z,2.941823647181412,8.943069534368618,-4.121294267980537,29.170355470003816,3.019944090094457,19.210268107988295,9.473775137260507,46978.11713341638,4.519,32.37987912089306,3443.0971477664134,25.97409254352007,312.9750729575625,4.290234881515947,0.9097343379210641,4.295546262771036,48675.77984013385,4.27961211900577,87.42180086868422,1.518114551213575,8.914542771352522,1.518114551213575,14.90346581709292,11.069270277370114,1.5197305723252,11.069270277370114,4.206464041413016,12.683793546131163,169.4900334672612,-537.0854206308427,-154.78008955714498,31.04590023082642,-103.53291738824588,558.9433112378455,84.0,270.0,nom_elev_84deg__West
nom_elev_84deg__West__ERA5_2024_0619_18Z,2.9418178999512823,8.375760509384884,-4.932677637856676,29.170265336338485,3.0199624419570075,18.96535253912548,9.473775081147,47208.16852349359,4.519,32.56887276707737,3425.5682712665775,25.899869031056088,312.77573349621633,4.296499332180676,0.9118450696230153,4.296499332180676,48924.679501180224,4.2787972005440675,87.41691075349628,1.505653981491799,8.914044118378477,1.505653981491799,14.784026991218214,11.189609079791195,1.5075512016048513,11.189609079791195,4.206464041413016,12.578338465082092,169.26408972299677,-726.4079813403939,-57.2212610816469,31.046777292571292,-103.53490428482573,728.6582381849532,84.0,270.0,nom_elev_84deg__West
max_elev_86deg__North__ERA5_2022_0616_15Z,2.9416249455043433,3.073825008525287,4.545474720080994,29.165750058792096,3.0198595118243032,10.751512519298565,9.4738164093567,46668.13135085142,4.519,32.28930540648402,3480.588474111225,26.10166815320452,314.07745723929986,4.2915380906687695,0.905948437275216,4.301034909155458,48340.53828109322,4.260882212971737,87.37445657606858,1.4974194181428055,8.90971499707531,1.4974194181428055,14.463115343613953,11.620049645362945,1.4748273206052989,11.620049645362945,4.206464041413016,9.667635497510933,170.44704899070817,241.58336014243145,757.8673339533216,31.054106052897566,-103.524745509426,795.4403910861097,86.0,0.0,max_elev_86deg__North
max_elev_86deg__North__ERA5_2022_0616_18Z,2.9418010695371164,5.413344330392947,7.819234670467396,29.164157865709985,3.020005284772899,18.333657746161673,9.47384257921229,46729.4464649512,4.519,32.12163926075568,3393.2505502263466,25.75548953706249,313.55090537066224,4.291881004033839,0.9067965620868066,4.309486637406762,48389.04590113608,4.264549158664282,87.53486311138117,1.5150418146801945,8.926071911547897,1.5150418146801945,17.21864637882646,9.337800282883046,1.7558132878023036,9.337800282883046,4.206464041413016,12.457122424884739,167.65083291929463,360.7666746894067,732.1576639023596,31.05387486362499,-103.52349465362113,816.2153137361568,86.0,0.0,max_elev_86deg__North
max_elev_86deg__North__ERA5_2022_0619_15Z,2.9416226481486785,3.075812129983425,4.447053498891889,29.16573433882874,3.0198648180124765,10.598350910603168,9.47381625485709,46759.71998313329,4.519,32.36795167789823,3477.1930647916033,26.083984638087603,313.9838065484363,4.293225234441795,0.9070295523703044,4.303830063706589,48447.77826107889,4.277317990544606,87.36554077926505,1.5156138262015115,8.908805838820092,1.5156138262015115,15.184084782590082,10.920974872233986,1.5483457432038548,10.920974872233986,4.206464041413016,9.611938674120456,170.5512173966021,209.37357034744255,702.0877232488444,31.053604537780213,-103.52508357251182,732.6421111953513,86.0,0.0,max_elev_86deg__North
max_elev_86deg__North__ERA5_2022_0619_18Z,2.9417887981086785,6.5385726834876365,6.518514433128594,29.164216437390515,3.0200079282425834,17.88504629175664,9.473841089143782,47122.87645500902,4.519,32.377434888766224,3397.4320227248973,25.764216900645426,313.10148665829007,4.296892812656756,0.9111533137315104,4.296892812656756,48816.49058549674,4.278850492822505,87.46545197857256,1.5244032443999675,8.918993945799286,1.5244032443999675,16.28399425209937,9.980333536350827,1.660505295090512,9.980333536350827,4.206464041413016,12.222532584696832,168.34225541600293,152.05685021637095,692.2018149551776,31.053515661171108,-103.52568512717902,708.7063131685549,86.0,0.0,max_elev_86deg__North
max_elev_86deg__North__ERA5_2023_0616_15Z,2.941584091052111,-0.13554435232464734,-4.043675513274354,29.165897881414654,3.0198325690418444,7.916551348943022,9.473818937420102,46335.07364119132,4.519,32.000510125088745,3480.96158931834,26.090520423347666,314.6964250060953,4.29633769933268,0.9029682458715614,4.307028993696484,47976.635907216856,4.274955110605072,87.42645751491858,1.505007623603223,8.91501761711885,1.505007623603223,25.59103066109445,5.893889119840803,2.609558887193328,5.893889119840803,4.206464041413016,8.963592427471198,169.89242348450182,125.81342569617577,774.1893249187038,31.05425282397573,-103.52596054793432,784.3456692705618,86.0,0.0,max_elev_86deg__North
max_elev_86deg__North__ERA5_2023_0616_18Z,2.941605767424167,-1.1120707733357387,-4.763655223563745,29.165846984616582,3.019853657979249,9.519063058891398,9.473814921448952,46157.485284999435,4.519,31.911357030559632,3463.632989094279,26.022594944893942,314.8855678426532,4.296865937145507,0.902009127390995,4.307577800269891,47781.2215499496,4.275442210896741,87.48387596918582,1.5074730533723624,8.920872669992894,1.5074730533723624,26.989026566892214,5.5191692035699065,2.7521147962752024,5.5191692035699065,4.206464041413016,9.40342751788617,168.9890825081978,147.830839385625,819.4226044543476,31.054659519353006,-103.52572946151798,832.6508042175932,86.0,0.0,max_elev_86deg__North
max_elev_86deg__North__ERA5_2023_0619_15Z,2.9415879241194456,-2.495401268587165,-3.3986086013324908,29.165909550157068,3.019850202416433,8.190794244172606,9.473813305793643,46221.96191098261,4.519,31.911506046221266,3457.0995976404165,25.99877766103218,314.95343459040373,4.294913900314604,0.9021475089669427,4.3044462178807885,47846.77992196128,4.28061542396533,87.48888779194422,1.5073169183246973,8.921383733685227,1.5073169183246973,17.47693628141591,9.181882187212938,1.7821515279341988,9.181882187212938,4.206464041413016,9.065386186424682,168.85753278024137,151.55652485317975,805.45078877518,31.054533896579436,-103.52569036119243,819.5854765453888,86.0,0.0,max_elev_86deg__North
max_elev_86deg__North__ERA5_2023_0619_18Z,2.9415781177389717,-1.522072734586591,-3.483223426675167,29.16600975914315,3.0198197750097284,7.414174067188131,9.473818194245258,45937.100242628294,4.519,31.80895287450241,3486.466290177198,26.12069147901606,315.1765998235773,4.288363907203048,0.9001995465237601,4.3054623454250605,47542.037865360435,4.288363907203048,87.47213889781797,1.4960109307269034,8.919675821796227,1.4960109307269034,22.256549062776827,6.89064848522088,2.2695363924252248,6.89064848522088,4.206464041413016,8.900993684456623,169.27669596713733,211.95713519938778,854.7168340456193,31.054976844278695,-103.52505642527764,880.6058673225488,86.0,0.0,max_elev_86deg__North
max_elev_86deg__North__ERA5_2024_0616_15Z,2.9415414345490327,0.09726123309035138,-1.3065776545957575,29.16649988825248,3.019769767102146,2.5782056144647227,9.473813018233011,45781.72664864287,4.519,31.845004367673887,3535.5351314723675,26.325130479175332,315.2888770277735,4.297346253678684,0.9005224226626614,4.3069398094883065,47385.528402932934,4.282955919964253,87.41404729150273,1.5121114515391598,8.913752126516469,1.5121114515391598,15.308707398718514,10.813285132947218,1.5610537134208435,10.813285132947218,4.206464041413016,8.149001496229122,170.5247360544163,189.13629843005543,738.6744198288335,31.053933496659308,-103.52529596083184,762.5040576241458,86.0,0.0,max_elev_86deg__North
max_elev_86deg__North__ERA5_2024_0616_18Z,2.941565338213927,3.120940077270987,0.5213290699929076,29.166570690937945,3.0197522017473597,6.229517782250604,9.473814728934155,45533.54969941701,4.519,31.707874205921193,3567.6847301741827,26.451402930532407,315.3115196581963,4.30200835374669,0.89925024677057,4.30200835374669,47123.31013261798,4.2817944285590634,87.40223668091326,1.5100700173862396,8.912547779406145,1.5100700173862396,15.607449227679467,10.540033570573994,1.5915169020694597,10.540033570573994,4.206464041413016,8.664269920319963,170.9050834152485,386.6731943941379,450.4128208144476,31.05134165313677,-103.52322286553424,593.6226650128805,86.0,0.0,max_elev_86deg__North
max_elev_86deg__North__ERA5_2024_0619_15Z,2.941823647181412,4.121294267980535,8.943069534368618,29.16366552640675,3.0200745044712196,18.88507290088427,9.473846077425641,47293.34614843415,4.519,32.40720213220211,3349.7667216526306,25.58261866173115,313.0383843464991,4.297353899162014,0.912270251843782,4.297353899162014,48996.801323573636,4.275835906867066,87.54179136301376,1.5222671696505468,8.92677839659963,1.5222671696505468,14.193068811551301,11.776695779291352,1.4472902379050239,11.776695779291352,4.206464041413016,12.683791163373346,166.94582502851378,291.67511014253904,448.929693789022,31.051328345530003,-103.52421987068251,535.3617840695836,86.0,0.0,max_elev_86deg__North
max_elev_86deg__North__ERA5_2024_0619_18Z,2.9418178999512823,4.932677637856674,8.375760509384886,29.163701374729584,3.0200731308578916,18.7028676092195,9.473845326138507,47466.82373632177,4.519,32.56241367947711,3352.5449040951407,25.587619646891824,312.7850382870001,4.281648043035778,0.9139234771311974,4.3066523405923185,49185.769112999216,4.281648043035778,87.50682371582975,1.5161350188096163,8.923212688923307,1.5161350188096163,14.441024266678054,11.527388600757178,1.472574657673931,11.527388600757178,4.206464041413016,12.578337982404843,167.27598847033727,111.91516679177039,547.0100015636508,31.052210228359062,-103.52610643980992,558.3412454482428,86.0,0.0,max_elev_86deg__North
max_elev_86deg__East__ERA5_2022_0616_15Z,2.9416249455043433,-4.545474720080994,3.0738250085252874,29.164993895712247,3.0199535131288813,10.552504503014152,9.47382593433071,46982.96933188279,4.519,32.256537492810345,3379.1388269380805,25.674425258215674,314.2245477813608,4.287621575513287,0.9083841998185782,4.309445628796655,48656.84532015903,4.287621575513287,87.50911373980819,1.5113101723420634,8.9234462063812,1.5113101723420634,15.654818263125284,10.509098360996608,1.5963471994131824,10.509098360996608,4.206464041413016,9.667641380280433,167.6842986827609,772.9661991553077,166.30235575546445,31.04878699103206,-103.51916893890808,790.6536653721525,86.0,90.0,max_elev_86deg__East
max_elev_86deg__East__ERA5_2022_0616_18Z,2.9418010695371164,-7.819234670467396,5.413344330392948,29.163096615785797,3.0201649166760176,17.784813747593198,9.473847420427123,47288.300747865826,4.519,32.25032686861549,3226.580657382525,25.06734114443598,313.83368377120723,4.293051342746346,0.9112238045189706,4.293051342746346,48954.753508301896,4.2724817802699055,87.76861132425032,1.5477615979377872,8.949907595789625,1.5477615979377872,15.596747433434482,10.537449657774172,1.5904256227595033,10.537449657774172,4.206464041413016,12.457117791634522,162.84533134528175,800.0576590694482,187.70708611016119,31.048979425475316,-103.5188846047404,821.7823361521303,86.0,90.0,max_elev_86deg__East
max_elev_86deg__East__ERA5_2022_0619_15Z,2.9416226481486785,-4.447053498891889,3.0758121299834253,29.16498243561137,3.0199579310682174,10.404855712526453,9.473825726141019,47071.340993305224,4.519,32.426698920356756,3377.1405471543185,25.6636748034646,314.1251937452589,4.300353692522608,0.9094676090535178,4.300353692522608,48761.57250430068,4.273371692523601,87.4980161116244,1.510156422706618,8.922314563242738,1.510156422706618,15.37934589195121,10.749590574504257,1.5682568351018147,10.749590574504257,4.206464041413016,9.611928622331975,167.8522246854505,742.5060925788343,113.65243989571809,31.048313628820022,-103.51948864784671,751.1538954241922,86.0,90.0,max_elev_86deg__East
max_elev_86deg__East__ERA5_2022_0619_18Z,2.9417887981086785,-6.518514433128594,6.5385726834876365,29.163156417908983,3.020167425310687,17.367002631176288,9.473845946534887,47709.250442902405,4.519,32.626840917516766,3229.115997266601,25.067996094666224,313.34964139308346,4.289428475197089,0.9157835814944421,4.306587434464013,49402.03830270142,4.262960273585389,87.70180388177249,1.5321726069710342,8.943095132565402,1.5321726069710342,15.926581944432787,10.247565639148196,1.624059382605965,10.247565639148196,4.206464041413016,12.22253254498606,163.49782825431524,619.5380056519563,163.16679576301476,31.04875888956471,-103.52077912621742,640.6642987452733,86.0,90.0,max_elev_86deg__East
max_elev_86deg__East__ERA5_2023_0616_15Z,2.941584091052111,4.043675513274354,-0.1355443523246476,29.16623076459801,3.019782526206433,7.976318083936093,9.473817417829185,46164.44073720095,4.519,31.997260493022452,3538.161960410046,26.323519309120563,314.6114567928458,4.298522109291622,0.9016341145561889,4.298522109291622,47805.92046053928,4.271145685710714,87.35581283715301,1.5013899167826004,8.907813864791036,1.5013899167826004,14.808499793230935,11.289462242813398,1.5100467329037883,11.289462242813398,4.206464041413016,8.963589392920891,171.30577068015194,728.8504562467577,174.88831133586154,31.04886421654353,-103.51963191491541,749.5391310752335,86.0,90.0,max_elev_86deg__East
max_elev_86deg__East__ERA5_2023_0616_18Z,2.941605767424167,4.763655223563745,-1.112070773335739,29.16616402825751,3.01978538547457,9.631358657849804,9.473819516637505,45918.90809563812,4.519,31.847159034198103,3543.7569243375547,26.35517788440515,314.7647691947263,4.296884078166271,0.9001202020264977,4.296884078166271,47542.25899681946,4.273232602206474,87.38703614952644,1.5078570801859503,8.910997756576043,1.5078570801859503,20.794131869122058,7.470936074187879,2.1204113401744795,7.470936074187879,4.206464041413016,9.403439654899408,170.99701630768135,739.3829447818548,238.42533743384212,31.049435479128782,-103.51952133276855,776.8743660108298,86.0,90.0,max_elev_86deg__East
max_elev_86deg__East__ERA5_2023_0619_15Z,2.9415879241194456,3.3986086013324908,-2.495401268587165,29.16622426853145,3.019781737407385,8.299776465029858,9.473817861612373,45981.96880243416,4.519,31.988551885576694,3537.2096250662444,26.329740609549354,314.83193042105955,4.2957002340527115,0.9002520564576644,4.306344869411532,47606.88900820241,4.27973328101448,87.38924243276875,1.5022514227659443,8.911222734855302,1.5022514227659443,14.526028592447108,11.568516575791783,1.481242686589927,11.568516575791783,4.206464041413016,9.065379309939642,170.875409394521,756.3280544907344,240.0010921125902,31.04944963616737,-103.51934349625407,793.4939509693664,86.0,90.0,max_elev_86deg__East
max_elev_86deg__East__ERA5_2023_0619_18Z,2.9415781177389717,3.483223426675167,-1.5220727345865912,29.166403308328412,3.0197603899324093,7.4904603903119344,9.473816398822207,45732.734765018846,4.519,31.74571626601239,3555.5046501284924,26.400560703385775,315.0851606537316,4.29325718658784,0.8985617546972521,4.30384234955517,47338.84862727084,4.277379442136843,87.39783577398984,1.5076070106472301,8.912099011791982,1.5076070106472301,15.37686139945191,10.752778496594848,1.5680034873735589,10.752778496594848,4.206464041413016,8.900988152122551,170.95620646228065,820.2082443748709,268.98599717680383,31.049710200213482,-103.51867306353789,863.1888732008237,86.0,90.0,max_elev_86deg__East
max_elev_86deg__East__ERA5_2024_0616_15Z,2.9415414345490327,1.3065776545957575,0.0972612330903513,29.16659479648833,3.01975539609748,2.5794550708532804,9.473812584592988,45729.84043305249,4.519,31.761178068050654,3552.6160021278574,26.389758977949253,315.2644602624476,4.29245702703017,0.9001076624823361,4.30878090023967,47335.21139509086,4.272141879649421,87.39650398238045,1.4953012326363782,8.911963206842342,1.4953012326363782,19.121488473671967,8.234565044125866,1.9498491812873884,8.234565044125866,4.206464041413016,8.148956961322133,170.8550651893873,818.7554415840717,116.28827738329763,31.04833727739941,-103.51868843439223,826.9724521290314,86.0,90.0,max_elev_86deg__East
max_elev_86deg__East__ERA5_2024_0616_18Z,2.941565338213927,-0.5213290699929074,3.120940077270987,29.16628626708074,3.0197953589561575,6.189925308096172,9.47381602809244,45643.00822902681,4.519,31.775780438468725,3522.425670877892,26.289727475532672,315.3990733253902,4.298643737864288,0.9000942155418125,4.298643737864288,47236.68219883477,4.281290862736664,87.45770392942669,1.4978450453144807,8.918203864665985,1.4978450453144807,15.461344040505335,10.652469005654488,1.576618319253296,10.652469005654488,4.206464041413016,8.664286133803754,169.80182837712158,1000.9122699526824,-174.10862970096815,31.04572614262243,-103.51677704732423,1015.9425116994466,86.0,90.0,max_elev_86deg__East
max_elev_86deg__East__ERA5_2024_0619_15Z,2.941823647181412,-8.943069534368618,4.121294267980536,29.162604132211143,3.0202340235626206,18.318134367901013,9.473850901351819,47836.78013254581,4.519,32.58582847389872,3189.529676771526,24.927204351192007,313.30738148814356,4.287923151948457,0.9165021114931532,4.307622714532721,49542.45371961284,4.268223589364192,87.77629442940965,1.563086126832531,8.950691054479323,1.563086126832531,15.725086099230351,10.331227547082793,1.6035125245859037,10.331227547082793,4.206464041413016,12.683791010013898,162.29752021270414,744.1646227625984,-74.99727280789277,31.046617455192038,-103.51947138130673,747.9342061304736,86.0,90.0,max_elev_86deg__East
max_elev_86deg__East__ERA5_2024_0619_18Z,2.9418178999512823,-8.375760509384886,4.932677637856675,29.162612332456053,3.0202366791680686,18.136302532134774,9.473850281026019,48043.334216118565,4.519,32.66862297235815,3185.7826936418983,24.900360004576758,313.0573869725513,4.2942913278939905,0.9184473116251579,4.2942913278939905,49768.1267865924,4.276256131990213,87.746118756928,1.5345810503316915,8.947613992232618,1.5345810503316915,14.296883242618032,11.676178403526652,1.4578763637550063,11.676178403526652,4.206464041413016,12.578391425701973,162.43850935758536,570.7935558243994,33.775859516393005,31.04759554451134,-103.52129075846659,571.7920006932004,86.0,90.0,max_elev_86deg__East
max_elev_86deg__South__ERA5_2022_0616_15Z,2.9416249455043433,-3.0738250085252874,-4.545474720080994,29.165111703976475,3.019935763488712,10.59784370075247,9.473825391098966,46951.50061099361,4.519,32.301132738991356,3394.8168643229374,25.730128834127136,314.1852997136336,4.288631084584958,0.9081886398998291,4.305927751998475,48623.87007466111,4.288631084584958,87.48505108380628,1.510926088697064,8.920992498335954,1.510926088697064,15.35927115071041,10.773583897242457,1.5662097811903566,10.773583897242457,4.206464041413016,9.667636499536215,168.15165126323478,204.0844190312075,-406.1343589508952,31.04364037872911,-103.52513930769862,454.52785130480186,86.0,180.0,max_elev_86deg__South
max_elev_86deg__South__ERA5_2022_0616_18Z,2.9418010695371164,-5.413344330392948,-7.819234670467395,29.16328927330082,3.020135940430588,17.893861265226196,9.473846522883502,47220.38897354331,4.519,32.242183702764514,3252.063195116073,25.161563448737812,313.7643492068767,4.293545497348431,0.9107207029543264,4.293545497348431,48883.34066813709,4.268218769108024,87.72434822667444,1.5358524144439447,8.94539401596615,1.5358524144439447,14.415832949472309,11.669340308606955,1.4700058582158342,11.669340308606955,4.206464041413016,12.456924208282153,163.5900732107971,273.6238427806052,-353.40610043573434,31.04411445082923,-103.5244095363235,446.951763799202,86.0,180.0,max_elev_86deg__South
max_elev_86deg__South__ERA5_2022_0619_15Z,2.9416226481486785,-3.0758121299834253,-4.447053498891889,29.16509251922358,3.0199413435645734,10.446672928800309,9.473825218652271,47039.302329486534,4.519,32.320704549648546,3392.103558181976,25.718708726470243,314.08543730088894,4.2979920996801555,0.9092325613692311,4.2979920996801555,48727.27448795735,4.272349664594623,87.47056031524606,1.5181158620963984,8.919514851172018,1.5181158620963984,14.775273945956497,11.318112601605577,1.506658639388221,11.318112601605577,4.206464041413016,9.611938593916188,168.27734642257383,173.94559911551116,-460.73583592106564,31.043149455024643,-103.52545559837971,492.4780014919826,86.0,180.0,max_elev_86deg__South
max_elev_86deg__South__ERA5_2022_0619_18Z,2.9417887981086785,-6.538572683487637,-6.518514433128593,29.163154691525875,3.020167683807141,17.366056508201744,9.473845953463089,47724.57747000913,4.519,32.548276342111336,3227.126680281639,25.054593933041374,313.33778888793324,4.299565205870952,0.9159209271787336,4.299565205870952,49418.73320645359,4.282223633688961,87.70280867365743,1.5357444539549836,8.943197592822976,1.5357444539549836,17.590749447821942,9.107448114354414,1.7937572410376574,9.107448114354414,4.206464041413016,12.222531874453082,163.442989173625,81.9147990649237,-369.26749329348763,31.043971868054633,-103.52642137089994,378.2439899180194,86.0,180.0,max_elev_86deg__South
max_elev_86deg__South__ERA5_2023_0616_15Z,2.941584091052111,0.13554435232464784,4.043675513274354,29.165919206758304,3.0198293858851675,7.921526549766977,9.473818839475994,46354.517509225836,4.519,32.02731533473917,3481.237609321858,26.081295476935892,314.6775299519313,4.29675557805628,0.903151579746994,4.302062080248729,47990.76240704465,4.286142573671383,87.42273027311664,1.5051666401245123,8.91463754422934,1.5051666401245123,17.880727636978012,8.945882551013876,1.8233267871268999,8.945882551013876,4.206464041413016,8.963594427191424,169.956511305087,131.21188310255172,-424.72238298080833,31.043473261912464,-103.52590404536598,444.5285827393039,86.0,180.0,max_elev_86deg__South
max_elev_86deg__South__ERA5_2023_0616_18Z,2.941605767424167,1.1120707733357393,4.763655223563745,29.16587519949382,3.0198289620512777,9.56892981968857,9.473820838800574,46107.456450106794,4.519,31.89079552563259,3489.204610593948,26.118832839029157,314.8159121040016,4.2955829347477446,0.9016559970268196,4.2955829347477446,47730.335942624595,4.27712615899873,87.44415434788795,1.5120376233203112,8.916822191868574,1.5120376233203112,21.960114321587998,4.395047423669297,2.239308461257208,4.395047423669297,4.206464041413016,9.403427761904126,169.7015120378142,144.80489257033642,-370.9721309587287,31.04395653539452,-103.52576139083466,398.2320665897798,86.0,180.0,max_elev_86deg__South
max_elev_86deg__South__ERA5_2023_0619_15Z,2.9415879241194456,2.4954012685871656,3.3986086013324903,29.166152596318053,3.01979254418558,8.287885177795951,9.473818188854073,46040.98511164726,4.519,31.982746659614783,3521.3487127053822,26.252837652152078,314.8413536326882,4.294039918051187,0.9007288995944268,4.304639968466285,47663.44357261846,4.27813984242854,87.40280290906487,1.5123347149186654,8.912605518608789,1.5123347149186654,16.103986818819994,10.153377836711147,1.64214964527336,10.153377836711147,4.206464041413016,9.065385552635052,170.6250311787181,147.22960248982486,-381.76876385860857,31.043859461249866,-103.52573594705865,409.17471195986917,86.0,180.0,max_elev_86deg__South
max_elev_86deg__South__ERA5_2023_0619_18Z,2.9415781177389717,1.5220727345865914,3.483223426675167,29.16624893074058,3.0197837051019603,7.467729043996704,9.473817103501027,45856.97944008037,4.519,31.755611640624856,3523.396659286863,26.261945651748945,315.10143666146394,4.297657228681775,0.899575115082161,4.308345144475825,47459.98910685043,4.276281397093675,87.42808931335813,1.5098007347610234,8.915184014251363,1.5098007347610234,22.445745659141608,6.831497882441441,2.288829076100565,6.831497882441441,4.206464041413016,8.900991607288047,170.30111736532905,209.1730245528136,-351.14255623454835,31.044134815845105,-103.52508589571202,408.7229489513709,86.0,180.0,max_elev_86deg__South
max_elev_86deg__South__ERA5_2024_0616_15Z,2.9415414345490327,-0.09726123309035122,1.3065776545957575,29.166484471097338,3.0197721165333204,2.5769886728193776,9.47381308827746,45817.10854059185,4.519,31.792295816898605,3529.9443545898785,26.296595214948088,315.2750882068017,4.297922757982969,0.9008322155157961,4.297922757982969,47421.28425469414,4.280345133319917,87.41916119209515,1.5019823342818532,8.914273599251034,1.5019823342818532,13.651829772362888,12.593895416376899,1.3920992155693217,12.593895416376899,4.206464041413016,8.149001033271967,170.42318728804548,191.03698264618916,-499.55557701607074,31.04280041934623,-103.52527624713024,534.837268023106,86.0,180.0,max_elev_86deg__South
max_elev_86deg__South__ERA5_2024_0616_18Z,2.941565338213927,-3.120940077270987,-0.5213290699929073,29.16608306632689,3.0198262023447953,6.137917962541646,9.47381695300663,45769.58183413973,4.519,31.837201692416425,3484.7308712034474,26.123460610243022,315.43627447999364,4.290364219493502,0.9011330045735668,4.306907734127181,47359.4333488099,4.266796727749351,87.5007534258236,1.513038909883063,8.922593691609633,1.513038909883063,16.44169141861253,9.868661800589173,1.6765859308339268,9.868661800589173,4.206464041413016,8.66420044985616,168.84442382288324,376.4333372944239,-759.9507082958626,31.04045913027119,-103.52333078448437,848.0726009405095,86.0,180.0,max_elev_86deg__South
max_elev_86deg__South__ERA5_2024_0619_15Z,2.941823647181412,-4.121294267980536,-8.943069534368618,29.162995485789736,3.0201751746737293,18.54083301721954,9.473849076515584,47661.99404596869,4.519,32.55248440078043,3245.8769367718223,25.160172831532833,313.19949062047016,4.285980471292747,0.9151706216772229,4.301462995304696,49362.27514852791,4.2641075891126246,87.69153835672468,1.5316493619863611,8.942048340332803,1.5316493619863611,14.14001616743503,11.80442311526113,1.441880373770353,11.80442311526113,4.206464041413016,12.683791421959512,163.9405702197049,241.5485093174883,-630.9772950012512,31.041618781363677,-103.52474620778547,675.6315779776702,86.0,180.0,max_elev_86deg__South
max_elev_86deg__South__ERA5_2024_0619_18Z,2.9418178999512823,-4.932677637856675,-8.375760509384886,29.162893704541137,3.0201944016619304,18.29461123672869,9.473848972103816,47916.48958881799,4.519,32.65731786961072,3225.9560556111546,25.069045540733946,312.974334604485,4.283508788106345,0.9174733769643608,4.304259037083463,49636.388425378944,4.283508788106345,87.68559966473767,1.5298999335682284,8.941442762282499,1.5298999335682284,14.330198441261823,11.649057201233363,1.4612735685745717,11.649057201233363,4.206464041413016,12.578341529249911,163.6042164994964,60.6144278514263,-516.0317265749471,31.042652294212,-103.52664490976551,519.5794950685379,86.0,180.0,max_elev_86deg__South
max_elev_86deg__West__ERA5_2022_0616_15Z,2.9416249455043433,4.5454747200809935,-3.073825008525288,29.165867188951314,3.019841760294745,10.779267772934933,9.473815857056042,46635.633140100064,4.519,32.36591811892068,3497.026736979681,26.160043453446495,314.03643166260275,4.292670841107549,0.9057326431339882,4.302176756934687,48307.87719353672,4.28791788319398,87.35297521091633,1.5138818059359362,8.907524507443044,1.5138818059359362,15.660669198006245,10.513994123802966,1.5969438287291018,10.513994123802966,4.206464041413016,9.667638097303977,170.91410747642996,-366.91011431202065,150.1600614544024,31.04864205026429,-103.53113161174862,396.4480748350911,86.0,270.0,max_elev_86deg__West
max_elev_86deg__West__ERA5_2022_0616_18Z,2.9418010695371164,7.819234670467395,-5.413344330392949,29.164350264620087,3.019976320583285,18.419286150307094,9.47384171877615,46662.13200253536,4.519,32.125704071485046,3421.095142462521,25.85698281074307,313.48947340983636,4.292979899504119,0.906297930760828,4.292979899504119,48319.50991238056,4.265077720515032,87.49391816559051,1.5112491335916602,8.921896689041672,1.5112491335916602,17.058519465349292,9.455852834292145,1.7394848868216255,9.455852834292145,4.206464041413016,12.457082521408026,168.45090676542188,-212.6398087271914,149.34163467031317,31.048634729659646,-103.52951259092836,259.84343767264517,86.0,270.0,max_elev_86deg__West
max_elev_86deg__West__ERA5_2022_0619_15Z,2.9416226481486785,4.447053498891888,-3.075812129983426,29.16584379754436,3.0198482287786725,10.623704232070715,9.473815739049467,46727.18730460294,4.519,32.36038147353737,3492.965154372595,26.142455074233585,313.9383299533563,4.298568038816245,0.9067960258754818,4.298568038816245,48412.717444026195,4.266931755437514,87.34520904828685,1.5127217195012055,8.906732579248454,1.5127217195012055,15.698381188229241,10.486386997591422,1.6007893815145073,10.486386997591422,4.206464041413016,9.611924882200263,170.99785812518797,-398.60910404821914,92.60036712119575,31.048124513723316,-103.5314642604037,409.2237112156433,86.0,270.0,max_elev_86deg__West
max_elev_86deg__West__ERA5_2022_0619_18Z,2.9417887981086785,6.518514433128593,-6.538572683487637,29.16421471179255,3.020008186631901,17.88431397204147,9.4738410957433,47139.40226336938,4.519,32.48480901860839,3395.0550338096127,25.7480625666361,313.09685850094144,4.291799151994102,0.9112931932582057,4.301087592972615,48830.90161007814,4.277866490526334,87.47466546966467,1.5119051406176494,8.919933460423762,1.5119051406176494,16.91821207466038,9.535964732843638,1.7251775147130144,9.535964732843638,4.206464041413016,12.222579889306454,168.267330233254,-429.8211507061046,115.62666388378538,31.048331534986097,-103.53179182951511,445.1019512372573,86.0,270.0,max_elev_86deg__West
max_elev_86deg__West__ERA5_2023_0616_15Z,2.941584091052111,-4.043675513274354,0.1355443523246481,29.165739975695985,3.0198776619382386,7.825142728560431,9.47381368611503,46521.693800347195,4.519,32.12669509995703,3425.7780636277357,25.851207434578797,314.7643170115598,4.29428657752364,0.9044721495405286,4.304928748522837,48162.5097150057,4.2783233210248435,87.49337617057182,1.5078566728725067,8.921841420930882,1.5078566728725067,16.9927614114801,9.517513859711364,1.7327794314551963,9.517513859711364,4.206464041413016,8.963601916719083,168.41425583306736,-438.10275139215474,168.6369438445557,31.04880815382901,-103.53187876517502,469.43843004872105,86.0,270.0,max_elev_86deg__West
max_elev_86deg__West__ERA5_2023_0616_18Z,2.941605767424167,-4.763655223563745,1.1120707733357396,29.165560975625308,3.019897241311272,9.417925275893209,9.473816260911521,46342.25022413044,4.519,31.930640946771558,3411.5880213113387,25.79801743277483,314.9319320548452,4.291230374430947,0.9035065399423785,4.307794490954122,47963.23924479414,4.269039167161851,87.53702057844175,1.5210174275524777,8.926291911961961,1.5210174275524777,21.640521993227946,7.139860843053702,2.206719113379997,7.139860843053702,4.206464041413016,9.403439336593392,167.54048130065365,-412.2108009483261,217.8462677078492,31.04925061021464,-103.53160705654778,466.2346413263395,86.0,270.0,max_elev_86deg__West
max_elev_86deg__West__ERA5_2023_0619_15Z,2.9415879241194456,-3.3986086013324903,2.4954012685871656,29.16583868108595,3.0198610106565975,8.167478916558027,9.473813636463387,46278.571333815584,4.519,32.05067605947653,3442.107565291849,25.923333643712432,314.96364510068037,4.293225230464073,0.9025866861615793,4.293225230464073,47900.14697658879,4.267321931316189,87.5039895899469,1.5073373672689299,8.922923688512071,1.5073373672689299,14.349140767826636,11.776780576060705,1.463205148325538,11.776780576060705,4.206464041413016,9.065401080934492,168.48931799804777,-425.07144822581074,206.26524785008294,31.049146479278843,-103.53174202117097,472.4733733952044,86.0,270.0,max_elev_86deg__West
max_elev_86deg__West__ERA5_2023_0619_18Z,2.9415781177389717,-3.4832234266751665,1.5220727345865916,29.1658554701236,3.0198430904023157,7.367859636051117,9.473818897326371,46062.38976631108,4.519,31.80649251005987,3455.7723285985167,25.98067138282422,315.2048733563719,4.296970237719005,0.9012120735403312,4.296970237719005,47667.00085877528,4.278823874546429,87.51154080017743,1.5074960997673383,8.923693697662038,1.5074960997673383,22.997143469675827,6.640808469181527,2.3450560048207927,6.640808469181527,4.206464041413016,8.900987761218717,168.47298375992776,-365.80477635863014,247.02248710717976,31.04951295249695,-103.53112004668776,441.39918842630897,86.0,270.0,max_elev_86deg__West
max_elev_86deg__West__ERA5_2024_0616_15Z,2.9415414345490327,-1.3065776545957575,-0.09726123309035115,29.166389577731888,3.0197864874623397,2.563390415892648,9.47381352121383,45868.24532810792,4.519,31.78249875575612,3512.869872385453,26.21951946839741,315.2981712885259,4.299238239126543,0.9012408102787781,4.299238239126543,47471.730406766976,4.278611001758501,87.43696132320068,1.512578869839094,8.916088707479178,1.512578869839094,18.438658644259895,8.609830851133886,1.8802199165117441,8.609830851133886,4.206464041413016,8.149005467291095,169.98291038673156,-413.8156890930137,117.65626070097753,31.0483497890732,-103.53162385837048,430.21671308964994,86.0,270.0,max_elev_86deg__West
max_elev_86deg__West__ERA5_2024_0616_18Z,2.941565338213927,0.5213290699929071,-3.120940077270987,29.166367510569557,3.019783045383601,6.205200623996316,9.473815657048203,45662.413046335176,4.519,31.663190819795233,3529.2751739397027,26.295085659211438,315.35525370702,4.297587677502093,0.9002862243279544,4.297587677502093,47251.05759558889,4.280019455280894,87.44380324977335,1.5111679811744247,8.916786389824594,1.5111679811744247,15.0612177415831,11.042256971219755,1.5358167918283105,11.042256971219755,4.206464041413016,8.664284300884859,170.08100657357537,-229.28076707373765,-169.0688205002814,31.045771859277945,-103.52968716041231,284.87529941235323,86.0,270.0,max_elev_86deg__West
max_elev_86deg__West__ERA5_2024_0619_15Z,2.941823647181412,8.943069534368618,-4.121294267980537,29.160676307769922,3.0200083751294877,19.066056200573648,9.473819290316104,47110.16086038936,4.519,32.51655815229361,3411.730778693711,25.84186493021503,312.93255022153824,4.292364392532791,0.9108575565554775,4.297173445059592,48809.3155079708,4.28274628747919,87.46185744850129,1.5169823128905124,8.918627405740114,1.5169823128905124,14.562676344866004,11.397720551612272,1.484979717321002,11.397720551612272,4.206464041413016,12.683793784782496,168.67214542914925,-252.75189253892464,-140.30267145239364,31.04603049442978,-103.52993348262328,289.0819240261944,86.0,270.0,max_elev_86deg__West
max_elev_86deg__West__ERA5_2024_0619_18Z,2.9418178999512823,8.375760509384884,-4.932677637856676,29.163982623825778,3.0200308707671875,18.8286207343421,9.473844070283487,47334.69852964835,4.519,32.546337151870965,3397.137811694616,25.778096398406603,312.721519583533,4.293432253456311,0.9129129217474686,4.293432253456311,49054.652552452,4.274055338021126,87.45141196920427,1.513339710718337,8.917562263280965,1.513339710718337,15.570447876887629,10.488392371050894,1.5877438143390077,10.488392371050894,4.206464041413016,12.57834270732876,168.5173428710874,-441.0556029259402,-41.23889499679565,31.046921133450315,-103.53190966275027,442.9793351082208,86.0,270.0,max_elev_86deg__West
