pressure_hPa,altitude_m,n_samples,u_mean,u_median,u_std,u_min,u_max,u_p05,u_p10,u_p25,u_p50,u_p75,u_p90,u_p95,u_pct_above_mean,v_mean,v_median,v_std,v_min,v_max,v_p05,v_p10,v_p25,v_p50,v_p75,v_p90,v_p95,v_pct_above_mean,speed_mean,speed_median,speed_std,speed_min,speed_max,speed_p05,speed_p10,speed_p25,speed_p50,speed_p75,speed_p90,speed_p95,speed_pct_above_mean,dir_mean_deg,dir_std_deg
1000,110,15120,-0.9031,-1.4691,3.6041,-10.3094,10.4040,-6.1505,-5.1686,-3.5784,-1.4691,1.6875,4.2522,5.5034,44.5899,1.6859,1.7825,2.7811,-12.9279,12.1535,-2.8957,-2.0080,-0.1756,1.7825,3.6222,5.1911,6.1195,51.4418,4.4933,4.2685,2.0475,0.0205,13.3811,1.4505,2.0089,3.0031,4.2685,5.8380,7.2602,8.1549,45.9590,334.5199,80.7476
975,320,15120,-0.9029,-1.4686,3.6035,-10.3229,10.3963,-6.1409,-5.1658,-3.5763,-1.4686,1.6868,4.2494,5.5001,44.6230,1.6858,1.7808,2.7810,-12.9281,12.1615,-2.9009,-2.0049,-0.1715,1.7808,3.6215,5.1905,6.1204,51.4484,4.4928,4.2697,2.0472,0.0403,13.3913,1.4537,2.0023,2.9992,4.2697,5.8369,7.2645,8.1619,45.9722,334.5301,80.7477
950,540,15120,-0.9032,-1.4691,3.6034,-10.3252,10.3827,-6.1459,-5.1656,-3.5795,-1.4691,1.6884,4.2523,5.4927,44.6032,1.6851,1.7850,2.7806,-12.9406,12.1206,-2.8971,-2.0039,-0.1731,1.7850,3.6195,5.1856,6.1136,51.3757,4.4925,4.2672,2.0467,0.0469,13.3870,1.4525,2.0056,3.0016,4.2672,5.8369,7.2610,8.1541,45.8929,334.5099,80.7492
925,762,15120,-0.9093,-1.4668,3.6110,-10.3366,10.3951,-6.1646,-5.1805,-3.5897,-1.4668,1.6886,4.2500,5.4935,44.6296,1.6892,1.7869,2.7844,-12.9195,12.1382,-2.8842,-2.0015,-0.1746,1.7869,3.6231,5.2129,6.1296,51.4352,4.5003,4.2683,2.0542,0.0349,13.3820,1.4458,2.0019,3.0017,4.2683,5.8536,7.2937,8.1862,45.8664,334.5306,80.7477
900,988,15120,-1.0776,-1.5096,4.1859,-14.3551,12.9754,-7.6675,-6.1529,-4.0417,-1.5096,1.8907,4.6868,6.1057,46.4153,2.1706,1.9778,3.5280,-14.4344,16.5031,-3.1342,-2.1237,-0.1587,1.9778,4.1851,6.6766,8.5920,47.6786,5.2642,4.7224,2.8512,0.0634,19.2363,1.5632,2.1356,3.2398,4.7224,6.6868,9.2435,11.0901,41.4550,337.9371,80.4071
875,1220,15120,-0.8532,-1.2556,4.7089,-15.4795,16.7247,-8.3545,-6.5300,-4.1365,-1.2556,2.3904,5.3734,7.0689,46.9577,2.6667,2.2131,4.3587,-17.4774,21.8478,-3.3324,-2.2634,-0.1567,2.2131,4.7625,8.2995,11.4557,44.8082,6.0082,5.1501,3.5934,0.0789,24.8237,1.6789,2.2929,3.4926,5.1501,7.6731,11.0520,13.5774,39.2791,345.3704,80.9860
850,1457,15120,-0.4193,-0.8936,5.1247,-15.4064,17.9235,-8.4219,-6.7096,-4.1106,-0.8936,3.2263,6.3526,8.2478,46.8254,2.9593,2.4012,4.8369,-18.8709,25.4128,-3.8138,-2.5832,-0.2770,2.4012,5.6277,9.4856,12.3997,44.6759,6.6296,5.8008,3.8262,0.0923,27.5769,1.8538,2.5517,3.8705,5.8008,8.5729,12.0259,14.3810,40.7606,353.1159,82.4939
825,1700,15120,0.0270,-0.4190,5.3491,-15.4863,16.3363,-7.9991,-6.5279,-3.9977,-0.4190,3.9778,7.3226,8.9928,47.3942,2.8846,2.5398,4.8666,-19.8445,24.5942,-4.4212,-3.0287,-0.4357,2.5398,5.8478,9.2100,11.3987,47.2487,6.8783,6.2183,3.6480,0.0544,25.7398,1.9484,2.7652,4.2110,6.2183,8.9139,11.8940,13.6596,43.1944,0.7335,84.2583
800,1949,15120,0.4002,0.0978,5.3027,-18.0754,16.7169,-7.4842,-5.9744,-3.6313,0.0978,4.3063,7.5885,9.2769,48.3730,2.4734,2.2144,4.5808,-15.3678,21.3450,-4.7997,-3.1467,-0.5824,2.2144,5.3407,8.3157,10.3521,47.6852,6.6158,6.0555,3.4076,0.0390,21.4408,1.9134,2.6839,4.1485,6.0555,8.5905,11.2878,13.2377,43.5516,7.8938,86.8123
775,2206,15120,0.6860,0.4345,5.1196,-17.3476,17.4249,-6.9077,-5.4228,-3.2430,0.4345,4.5816,7.4676,9.1044,48.6839,1.9382,1.7620,4.1254,-11.1294,18.9225,-4.5807,-3.0900,-0.8191,1.7620,4.4823,7.0400,8.8885,48.4392,6.1529,5.6739,3.0982,0.0493,19.5089,1.8525,2.6045,3.9611,5.6739,7.8000,10.4406,12.2443,43.5847,15.3341,91.4399
750,2469,15120,0.9273,0.7929,4.9309,-15.5721,17.8148,-6.6665,-5.0841,-2.8234,0.7929,4.7173,7.4040,8.9295,49.2328,1.4170,1.3088,3.7627,-9.6475,17.6838,-4.3680,-3.2279,-1.2446,1.3088,3.8320,6.1258,7.9369,48.7500,5.7346,5.3115,2.9075,0.0682,18.0014,1.6812,2.3660,3.6503,5.3115,7.3553,9.6446,11.2259,43.9550,27.0115,97.7892
700,3012,15120,1.3305,1.4330,4.8764,-13.9667,18.3332,-6.8155,-4.6448,-2.2257,1.4330,4.8789,7.5797,9.0219,50.5026,0.4932,0.5800,3.8010,-11.6434,14.7639,-5.9259,-4.4709,-2.1046,0.5800,3.0103,5.1854,6.7113,50.9127,5.6981,5.3391,2.7879,0.0240,18.4373,1.6702,2.3873,3.7248,5.3391,7.3875,9.3133,10.7893,44.7751,70.2971,104.4411
650,3591,15120,1.6544,1.6280,5.3545,-15.9261,20.6452,-6.9720,-4.9335,-2.3363,1.6280,5.6826,8.4620,10.0506,49.8677,-0.0476,0.2166,4.3872,-13.8906,15.1586,-7.7740,-5.9415,-2.8473,0.2166,2.7986,5.2163,7.1874,52.4140,6.4277,6.0972,3.0565,0.1046,20.9922,2.0693,2.7812,4.1495,6.0972,8.3398,10.5036,11.8354,45.8135,98.7439,103.2096
600,4206,15120,2.1273,2.0761,6.2291,-16.2120,25.2705,-7.1445,-5.3666,-2.8416,2.0761,6.8329,10.3223,12.2107,49.7751,-0.2074,0.0112,4.9914,-16.5752,16.0411,-8.7412,-6.8819,-3.5532,0.0112,3.2029,6.1263,7.7396,51.6534,7.4713,7.0679,3.5304,0.0590,25.3422,2.4154,3.1649,4.8466,7.0679,9.7175,12.2054,13.5977,45.4894,105.9455,101.8248
550,4865,15120,2.7878,2.3323,7.2399,-17.9018,25.8639,-7.5641,-6.1320,-3.1465,2.3323,8.5979,12.4504,14.4421,48.4987,-0.2399,-0.0532,5.3274,-16.6951,17.2190,-8.8244,-7.2543,-4.1221,-0.0532,3.4436,6.6544,8.6821,51.3029,8.5096,7.9213,4.0267,0.1798,25.9157,2.7918,3.7434,5.6199,7.9213,10.9505,14.1898,15.8309,44.4048,107.5657,97.1277
500,5574,15120,3.1527,2.3748,7.8612,-19.1161,24.8709,-8.7588,-6.5530,-2.6563,2.3748,9.1508,13.5454,16.6264,47.4272,-0.5363,-0.3759,5.6786,-17.8577,19.9619,-9.7174,-7.7036,-4.5659,-0.3759,3.0397,6.5737,8.9019,51.1243,9.1140,8.5186,4.6053,0.0563,25.4239,2.5956,3.7561,5.8393,8.5186,11.6760,15.4153,18.4057,44.1601,112.6011,95.6516
450,6344,15120,3.5418,2.2587,8.4420,-19.9574,26.2531,-11.0170,-6.7642,-1.7637,2.2587,9.4884,14.1559,18.7575,45.9656,-0.9835,-0.8547,6.5570,-23.9177,23.6092,-12.5551,-8.6796,-4.6757,-0.8547,2.9974,6.2758,8.8430,50.7275,9.8432,9.1476,5.5574,0.0412,28.8295,2.3011,3.4528,5.4284,9.1476,12.9978,17.9013,20.6986,45.2712,112.2661,90.3410
400,7185,15120,4.3504,3.2647,9.1746,-20.4207,27.0825,-12.0334,-8.4545,-0.8960,3.2647,10.5954,15.9280,20.8216,45.8664,-0.8165,-0.3918,7.1011,-24.5279,24.8509,-12.9864,-9.4230,-4.7653,-0.3918,3.4967,6.5034,9.1781,52.6455,10.6800,10.1912,6.3348,0.0624,29.8253,2.3005,3.0804,5.2646,10.1912,14.6444,20.2704,22.6349,46.8188,102.3227,82.7946
350,8117,15120,5.2782,3.9555,10.2936,-18.9329,34.9303,-12.0163,-9.5157,-0.6053,3.9555,12.5942,19.0677,22.4659,44.1071,-0.2892,0.2975,7.5820,-27.1600,28.9523,-12.7002,-9.4658,-4.6821,0.2975,4.3644,7.5170,10.3732,53.1878,11.8564,11.4388,7.1284,0.0837,34.9541,2.0342,3.0580,5.6740,11.4388,16.7293,21.9353,24.5196,47.6852,92.0056,81.4702
300,9164,15120,7.0377,5.0984,12.0040,-22.7943,41.9773,-11.9924,-8.4555,-0.6846,5.0984,16.1721,23.3485,27.9471,43.6839,0.4254,1.0858,8.1772,-27.0224,29.7260,-13.7241,-9.7009,-4.5941,1.0858,5.6325,9.3267,13.9917,53.4458,13.7121,13.1683,8.5236,0.0824,42.2720,2.2201,3.3022,6.6131,13.1683,18.9653,25.4720,29.3841,48.0357,83.2239,80.4671
250,10363,15120,9.4923,7.1826,13.3447,-21.4729,43.4759,-11.3755,-7.2934,0.1284,7.1826,19.1484,27.6352,33.9931,44.3915,0.9972,1.2791,8.3428,-27.0686,27.4085,-12.6433,-10.1252,-4.5194,1.2791,6.2820,11.7096,15.2403,51.3095,15.6818,14.8084,9.6364,0.0593,43.6939,2.8918,4.2243,8.0162,14.8084,21.2645,29.2770,36.0661,46.7328,87.2815,74.3342
225,11034,15120,11.3679,9.0206,14.1077,-22.7454,50.9795,-10.0023,-6.8380,1.2704,9.0206,21.3723,30.0740,38.1571,45.0198,1.1472,1.0750,8.3952,-23.7589,25.2596,-12.9834,-9.8838,-4.4591,1.0750,6.8256,12.7131,15.2448,49.6627,16.8469,15.3043,10.7812,0.0802,50.9822,2.9659,4.4171,8.4471,15.3043,23.2171,31.2384,39.9679,44.9471,88.7794,68.0581
200,11784,15120,12.6213,11.0245,14.6286,-24.6265,56.7435,-9.3258,-5.3767,2.0713,11.0245,22.7172,31.8688,40.3418,46.7526,1.1897,1.0449,8.3019,-23.6384,22.8526,-12.8224,-10.0241,-4.0345,1.0449,6.6562,12.5714,15.8484,49.3320,17.5664,15.8119,11.6213,0.0459,56.7524,2.5983,4.0249,8.5496,15.8119,24.5972,33.1311,42.0917,44.5370,88.3552,63.1117
175,12632,15120,12.5817,10.3897,14.3713,-22.7917,53.0155,-8.7123,-3.0870,2.2733,10.3897,22.4427,31.1738,40.8500,45.5026,1.2431,1.0994,7.7631,-22.1393,21.0638,-12.1366,-9.1751,-3.7181,1.0994,6.6282,11.2199,14.4576,49.1071,16.9768,14.9047,11.7656,0.0568,53.0912,2.2120,3.3921,7.7347,14.9047,24.1747,32.0496,42.4899,43.7698,87.5305,59.5761
150,13608,15120,11.4949,8.8080,12.5359,-17.7425,50.9808,-6.6164,-1.8982,2.1835,8.8080,20.3813,28.1714,35.7558,44.8611,1.5412,1.8096,6.7226,-17.1755,21.0663,-10.9045,-7.7193,-2.7927,1.8096,6.3859,10.2010,12.0131,51.6931,15.0624,12.8341,10.4870,0.1127,51.1919,2.2562,3.4385,6.6386,12.8341,22.2566,29.4854,37.0955,42.4339,83.3973,56.7854
125,14764,15120,8.5002,6.7544,10.0709,-15.1094,36.4453,-6.4158,-3.2176,1.1505,6.7544,15.8360,22.2004,26.6806,44.3981,2.0304,2.4340,5.6330,-16.4874,18.6613,-7.7524,-5.2497,-1.8885,2.4340,5.7675,9.1209,11.0072,53.1481,11.9971,10.0369,8.0992,0.0465,37.8584,2.2865,3.2522,5.2552,10.0369,17.4422,23.7897,28.4061,43.9087,75.3283,63.4851
100,16180,15120,2.8399,2.6745,6.5999,-16.0816,23.3812,-7.2727,-5.9572,-1.7012,2.6745,7.9768,11.3321,13.2594,49.2593,1.5741,1.4609,4.4102,-14.3090,15.2322,-5.5217,-3.9528,-1.2232,1.4609,4.5099,6.9872,8.8381,48.6574,7.4895,7.0980,4.1784,0.0468,23.4258,1.4945,2.1542,4.2106,7.0980,10.1861,13.0643,15.3096,46.5873,54.6459,85.9523
